Date ,Price ,Open ,High ,Low ,Volume ,Chg% 
01-Jan-16,548.29,545.69,550.13,542.31,1.81M,-0.01%
04-Jan-16,535.22,545.66,546.9,533.8,3.98M,-2.38%
05-Jan-16,532.81,538.49,538.49,526.96,4.95M,-0.45%
06-Jan-16,530.48,533.11,533.11,525.3,5.59M,-0.44%
07-Jan-16,521.28,525.87,529.76,519.84,5.29M,-1.73%
08-Jan-16,527.48,526.59,529.51,523.61,3.16M,1.19%
11-Jan-16,523.71,524.01,530.78,521.92,5.36M,-0.71%
12-Jan-16,520.86,526.83,527.31,511.38,6.57M,-0.54%
13-Jan-16,537.45,524.35,541.22,519.94,8.75M,3.19%
14-Jan-16,562.06,528.82,572.97,523.04,30.23M,4.58%
15-Jan-16,565.48,569.5,577.43,564.31,13.04M,0.61%
18-Jan-16,561.51,565.48,576.49,559.75,10.07M,-0.70%
19-Jan-16,565.36,563.05,574.93,559.85,7.50M,0.69%
20-Jan-16,556.23,562.55,575.45,554.12,7.51M,-1.61%
21-Jan-16,564.07,563.05,566.77,556.6,6.74M,1.41%
22-Jan-16,563.67,569.55,571.73,561.06,6.44M,-0.07%
25-Jan-16,564.36,565.65,568.93,557.86,4.58M,0.12%
27-Jan-16,564.78,568.73,570.29,563.05,6.97M,0.07%
28-Jan-16,560.37,563.54,566.82,558.68,7.79M,-0.78%
29-Jan-16,577.88,564.54,580.41,561.36,10.23M,3.12%
01-Feb-16,582.07,580.41,585.32,576.24,4.25M,0.73%
02-Feb-16,583.16,583.81,590.33,577.43,7.63M,0.19%
03-Feb-16,574.31,579.32,583.34,571.85,5.25M,-1.52%
04-Feb-16,585.25,575.48,592.79,575.48,5.55M,1.90%
05-Feb-16,582.74,583.14,588.67,581.33,3.98M,-0.43%
08-Feb-16,570.89,577.31,581.5,567.41,4.22M,-2.03%
09-Feb-16,549.48,559.72,559.72,542.46,7.58M,-3.75%
10-Feb-16,549.93,549.65,559.33,548.17,5.87M,0.08%
11-Feb-16,535.09,551.14,552.13,531.37,5.21M,-2.70%
12-Feb-16,538.07,543.06,547.87,529.32,7.41M,0.56%
15-Feb-16,541.59,543.83,545.79,539.04,5.09M,0.65%
16-Feb-16,535.34,539.24,542.09,532.64,5.13M,-1.15%
17-Feb-16,544.62,536.63,547.17,534.28,4.16M,1.73%
18-Feb-16,557.29,545.69,559.08,545.69,4.19M,2.33%
19-Feb-16,559.2,555.21,562.65,552.56,3.97M,0.34%
22-Feb-16,558.91,561.06,562.53,552.66,3.86M,-0.05%
23-Feb-16,557.54,560.69,561.81,553.65,2.50M,-0.25%
24-Feb-16,558.26,555.36,567.39,554.79,4.95M,0.13%
25-Feb-16,550.8,558.29,560.87,546.23,4.48M,-1.34%
26-Feb-16,556.18,555.68,561.56,553.62,4.24M,0.98%
29-Feb-16,537.77,560.32,560.77,529.96,8.17M,-3.31%
01-Mar-16,558.31,543.11,560.72,543.11,6.39M,3.82%
02-Mar-16,573.47,564.07,577.19,558.09,7.21M,2.72%
03-Mar-16,580.06,579.42,591.75,572.47,5.81M,1.15%
04-Mar-16,580.73,583.19,587.85,575,4.28M,0.12%
08-Mar-16,577.16,576.94,590.58,569.2,7.62M,-0.61%
09-Mar-16,584.63,568.01,587.23,566.99,6.31M,1.29%
10-Mar-16,566.77,576.89,576.89,565.21,24.38M,-3.05%
11-Mar-16,567.02,568.6,573.44,564.64,4.06M,0.04%
14-Mar-16,566.12,568.51,572.6,564.78,4.17M,-0.16%
15-Mar-16,562.75,567.51,572.72,560.05,6.72M,-0.60%
16-Mar-16,571.71,566.47,572.97,561.34,5.59M,1.59%
17-Mar-16,576.32,573.91,580.29,572.5,6.47M,0.81%
18-Mar-16,592.02,576.84,594.8,576.44,8.48M,2.72%
21-Mar-16,592.76,589.34,594.8,585.4,5.14M,0.12%
22-Mar-16,590.31,590.95,592.32,581.4,7.10M,-0.41%
23-Mar-16,599.16,590.33,600.6,586.41,6.33M,1.50%
28-Mar-16,597.72,611.37,613.65,593.19,10.79M,-0.24%
29-Mar-16,593.93,594.8,604.67,591.1,7.00M,-0.63%
30-Mar-16,598.25,594.1,600.25,593.09,5.76M,0.73%
31-Mar-16,604.37,600.38,610.13,595.44,18.00M,1.02%
01-Apr-16,598,603.23,606.31,592.86,5.51M,-1.05%
04-Apr-16,616.97,602.02,619.11,602.02,4.58M,3.17%
05-Apr-16,605.12,616.13,616.28,602.24,4.79M,-1.92%
06-Apr-16,595.64,609.18,609.18,593.31,4.93M,-1.57%
07-Apr-16,586.12,599.46,599.46,582.89,5.66M,-1.60%
08-Apr-16,578.3,583.31,584.13,576.47,4.20M,-1.33%
11-Apr-16,587.31,578.33,588.72,571.04,5.77M,1.56%
12-Apr-16,586.46,585.62,592.76,584.68,5.84M,-0.14%
13-Apr-16,581.75,592.79,592.79,578.6,12.51M,-0.80%
18-Apr-16,614.49,620.1,628.98,611.91,25.02M,5.63%
20-Apr-16,616.92,617.12,618.34,608.09,8.07M,0.40%
21-Apr-16,608.34,620.59,620.59,604.27,5.44M,-1.39%
22-Apr-16,600.87,608.34,609.43,598.77,5.14M,-1.23%
25-Apr-16,603.16,601.27,607.6,595.84,5.36M,0.38%
26-Apr-16,611.24,602.96,614.91,599.56,5.85M,1.34%
27-Apr-16,615.21,609.78,616.3,609.46,4.49M,0.65%
28-Apr-16,599.83,610.67,614.94,598.77,12.17M,-2.50%
29-Apr-16,599.31,600.97,606.98,597.77,5.04M,-0.09%
02-May-16,595.81,600.25,600.82,593.38,3.62M,-0.58%
03-May-16,584.28,596.66,601.35,581.3,6.82M,-1.94%
04-May-16,589.76,585.87,591.82,580.73,5.81M,0.94%
05-May-16,591.55,592.89,594.8,585.92,6.30M,0.30%
06-May-16,586.12,590.23,590.23,583.91,2.60M,-0.92%
09-May-16,594.82,586.36,596.06,585.67,5.12M,1.48%
10-May-16,601.64,596.53,603.55,593.61,3.40M,1.15%
11-May-16,596.21,594.55,602.59,591.57,3.71M,-0.90%
12-May-16,600.25,597.23,601.74,593.71,3.41M,0.68%
13-May-16,598.89,598.27,600.25,591.4,5.65M,-0.23%
16-May-16,602.73,600.35,607.03,597.77,4.53M,0.64%
17-May-16,602.36,605.22,608.07,599.34,3.80M,-0.06%
18-May-16,600.18,594.8,602.24,594.25,4.26M,-0.36%
19-May-16,598.15,600.73,603.31,595.79,3.95M,-0.34%
20-May-16,596.09,597.77,604.97,595.29,3.99M,-0.34%
23-May-16,589.34,596.98,597.85,587.85,4.59M,-1.13%
24-May-16,589.22,590.85,591.2,584.18,3.49M,-0.02%
25-May-16,599.58,592.37,601.79,592.37,3.86M,1.76%
26-May-16,612.23,600.3,615.04,600.3,6.14M,2.11%
27-May-16,618.86,610.97,624.81,610.97,6.18M,1.08%
30-May-16,628.83,615.88,631.01,615.88,5.29M,1.61%
31-May-16,619.43,627.54,628.41,614.64,13.78M,-1.49%
01-Jun-16,624.17,618.14,629.27,618.11,4.84M,0.77%
02-Jun-16,625.83,622.58,632.45,622.08,5.05M,0.27%
03-Jun-16,628.48,625.08,634.63,625.08,4.00M,0.42%
06-Jun-16,628.41,627.49,633.49,625.6,4.23M,-0.01%
07-Jun-16,623.77,628.53,631.26,622.63,5.69M,-0.74%
08-Jun-16,614.19,627.02,627.02,612.83,8.74M,-1.54%
09-Jun-16,588.1,608.32,608.32,585.4,12.74M,-4.25%
10-Jun-16,585.67,583.09,590.33,580.46,6.38M,-0.41%
13-Jun-16,585.82,583.78,587.8,578.43,5.29M,0.03%
14-Jun-16,582.89,586.56,586.56,579.05,2.94M,-0.50%
15-Jun-16,590.31,587.21,591.65,584.9,6.71M,1.27%
16-Jun-16,588.35,590.08,590.08,580.46,5.30M,-0.33%
17-Jun-16,585.12,589.84,591.7,582.94,8.52M,-0.55%
20-Jun-16,599.63,585.87,601.15,585.22,6.23M,2.48%
21-Jun-16,598.32,600.85,602.64,593.14,4.76M,-0.22%
22-Jun-16,595.05,597.28,601.22,589.42,3.03M,-0.55%
23-Jun-16,601.05,593.95,602.66,591.99,3.83M,1.01%
24-Jun-16,592.59,589.34,594.8,575.45,7.81M,-1.41%
27-Jun-16,578.53,581.43,586.96,575.45,5.58M,-2.37%
28-Jun-16,575.03,576.84,581.65,573.02,7.66M,-0.60%
29-Jun-16,583.81,579.92,585.32,575.55,5.46M,1.53%
30-Jun-16,580.81,585.62,587.6,579.39,9.35M,-0.51%
01-Jul-16,581.6,585.37,585.37,580.46,3.99M,0.14%
04-Jul-16,587.33,583.49,592.61,583.49,5.38M,0.99%
05-Jul-16,583.11,587.85,589.09,580.93,3.60M,-0.72%
07-Jul-16,574.09,579.77,580.91,572.97,5.95M,-1.55%
08-Jul-16,574.56,576.94,578.92,572.23,5.55M,0.08%
11-Jul-16,582.92,579.12,584.73,575.45,6.67M,1.46%
12-Jul-16,583.66,585.37,585.55,579.42,6.20M,0.13%
13-Jul-16,592.22,585.37,593.21,582.99,5.28M,1.47%
14-Jul-16,583.51,592.81,593.33,577.43,7.41M,-1.47%
15-Jul-16,532.07,590.08,590.28,521.87,61.48M,-8.82%
18-Jul-16,536.73,534.4,538.2,523.44,14.33M,0.88%
19-Jul-16,539.21,540.03,540.73,532.84,10.40M,0.46%
20-Jul-16,537.3,530.8,540.68,530.8,9.82M,-0.35%
21-Jul-16,535.71,535.27,539.34,533.58,8.67M,-0.30%
22-Jul-16,532.02,530.8,535.71,529.17,9.39M,-0.69%
25-Jul-16,536.19,527.33,537.38,527.33,8.47M,0.78%
26-Jul-16,540.08,530.98,540.68,530.98,7.19M,0.73%
27-Jul-16,538.42,538.1,543.95,535.04,7.43M,-0.31%
28-Jul-16,534.52,538.44,539.21,532.81,11.26M,-0.72%
29-Jul-16,532.71,532.09,534.15,529.07,8.16M,-0.34%
01-Aug-16,538.37,531.55,539.66,529.98,9.10M,1.06%
02-Aug-16,537.65,535.71,538.24,533.28,6.82M,-0.13%
03-Aug-16,538.2,538.57,538.99,530.95,7.21M,0.10%
04-Aug-16,531.7,538.94,539.19,530.83,4.24M,-1.21%
05-Aug-16,529.81,531.8,532.51,525.84,5.61M,-0.36%
08-Aug-16,535.12,530.31,536.26,527.11,4.64M,1.00%
09-Aug-16,537.45,534.28,538,531.55,7.19M,0.44%
10-Aug-16,536.93,533.78,539.68,533.38,5.58M,-0.10%
11-Aug-16,534.45,536.61,543.21,533.41,5.04M,-0.46%
12-Aug-16,527.11,533.31,535.17,525.84,7.45M,-1.37%
16-Aug-16,521.77,516.91,524.88,509.97,16.43M,-1.01%
17-Aug-16,512.6,520.86,522.2,511.21,6.60M,-1.76%
18-Aug-16,507.69,514.18,515.47,506.74,8.43M,-0.96%
19-Aug-16,506.64,510.96,515.43,505.23,5.69M,-0.21%
22-Aug-16,503.74,505.01,510.96,500.59,10.25M,-0.57%
23-Aug-16,515.75,506.05,516.91,506.05,7.41M,2.38%
24-Aug-16,524.55,519.39,526.86,519.39,6.13M,1.71%
25-Aug-16,514.01,523.36,524.65,512,4.80M,-2.01%
26-Aug-16,506.12,513.94,518.9,504.54,6.88M,-1.53%
29-Aug-16,507.39,504.81,510.96,501.53,5.22M,0.25%
30-Aug-16,516.12,512.18,518.4,508.48,4.38M,1.72%
31-Aug-16,513.86,514.48,518.77,509.87,11.14M,-0.44%
01-Sep-16,514.71,514.93,516.14,511.95,2.88M,0.17%
02-Sep-16,511.88,515.45,515.92,509.08,3.33M,-0.55%
06-Sep-16,518.4,515.05,520.34,513.74,8.22M,1.27%
07-Sep-16,523.04,519.89,525.35,517.91,7.43M,0.90%
08-Sep-16,514.76,518.4,518.4,507.98,9.09M,-1.58%
09-Sep-16,513.69,514.43,516.42,509.25,5.05M,-0.21%
12-Sep-16,522.87,508.6,524.85,508.6,6.20M,1.79%
14-Sep-16,518.7,522.84,524.75,516.24,5.15M,-0.80%
15-Sep-16,517.01,518.7,519.29,513.61,4.70M,-0.33%
16-Sep-16,525.92,520.39,528.08,514.98,9.95M,1.72%
19-Sep-16,526.44,518.9,530.26,516.59,5.81M,0.10%
20-Sep-16,520.96,522.52,524.43,518.77,4.21M,-1.04%
21-Sep-16,523.73,522.87,526.46,521.4,4.23M,0.53%
22-Sep-16,525.25,525.35,526.34,521.87,3.63M,0.29%
23-Sep-16,517.19,524.35,525.25,515.92,5.21M,-1.53%
26-Sep-16,513.89,517.29,517.91,511.46,6.37M,-0.64%
27-Sep-16,515.8,513.47,520.83,512.62,6.53M,0.37%
28-Sep-16,515.4,515.92,517.06,512.57,5.43M,-0.08%
29-Sep-16,510.56,518.38,518.38,507.98,8.90M,-0.94%
30-Sep-16,513.96,511.51,517.86,511.51,6.50M,0.67%
03-Oct-16,514.98,513.69,515.92,509.03,3.66M,0.20%
04-Oct-16,520.49,515.92,521.58,515.08,5.07M,1.07%
05-Oct-16,516.67,520.49,520.81,514.43,2.31M,-0.73%
06-Oct-16,509.67,518.4,518.4,508.95,3.72M,-1.35%
07-Oct-16,502.3,510.94,512.85,501.09,6.29M,-1.45%
10-Oct-16,510.94,504.51,511.83,501.04,5.41M,1.72%
13-Oct-16,522.05,506.69,524.85,506.69,9.78M,2.17%
14-Oct-16,509.55,522.32,537.1,494.22,33.46M,-2.39%
17-Oct-16,507.19,513.42,516.81,504.68,8.01M,-0.46%
18-Oct-16,515.45,510.96,516.17,509.62,6.39M,1.63%
19-Oct-16,516.81,516.91,518.75,513.94,3.51M,0.26%
20-Oct-16,514.26,518.28,521.23,512.85,3.54M,-0.49%
21-Oct-16,515.08,513.44,516.42,507.24,3.86M,0.16%
24-Oct-16,509.52,514.68,517.26,508.73,2.90M,-1.08%
25-Oct-16,504.61,514.18,515.38,503.62,5.64M,-0.96%
26-Oct-16,503.12,504.51,505.93,500.69,2.78M,-0.30%
27-Oct-16,497.81,504.96,504.98,496.62,7.23M,-1.06%
28-Oct-16,494.84,498.66,501.04,492.68,5.84M,-0.60%
30-Oct-16,497.12,496.57,499.03,495.98,638.07K,0.46%
01-Nov-16,490.84,499.45,499.45,489.33,6.33M,-1.26%
02-Nov-16,486.68,488.54,489.88,486.16,5.38M,-0.85%
03-Nov-16,479.63,486.68,487.15,478.76,5.23M,-1.45%
04-Nov-16,481.69,479.71,485.76,476.73,6.01M,0.43%
07-Nov-16,485.14,488.64,489.13,483.68,4.54M,0.72%
08-Nov-16,487.45,489.58,490,481.49,5.26M,0.48%
09-Nov-16,475.39,461.35,483.48,446.97,12.76M,-2.47%
10-Nov-16,466.02,477.48,477.48,463.83,7.29M,-1.97%
11-Nov-16,457.16,466.31,468.79,455.75,7.10M,-1.90%
15-Nov-16,458.15,458.38,466.29,450.71,9.24M,0.22%
16-Nov-16,466.76,461.35,474.67,460.63,12.22M,1.88%
17-Nov-16,461.25,463.46,470.78,459.57,5.71M,-1.18%
18-Nov-16,456.39,461.35,462.96,455.15,6.04M,-1.05%
21-Nov-16,451.98,459.81,459.81,449.92,7.94M,-0.97%
22-Nov-16,453.51,454.85,460.68,452.25,5.48M,0.34%
23-Nov-16,456.52,457.43,457.83,452.65,8.25M,0.66%
24-Nov-16,461.5,460.46,466.26,458.03,16.78M,1.09%
25-Nov-16,484.92,461.58,488.64,461.58,12.63M,5.07%
28-Nov-16,486.03,485.81,487.87,481.49,7.37M,0.23%
29-Nov-16,482.49,485.56,488.49,479.76,6.13M,-0.73%
30-Nov-16,483.95,482.68,484.67,476.76,8.50M,0.30%
01-Dec-16,483.97,484.17,487.92,479.71,4.61M,0.00%
02-Dec-16,478.47,478.62,481,476.78,4.45M,-1.14%
05-Dec-16,477.05,479.16,480.5,475.24,3.66M,-0.30%
06-Dec-16,479.46,477.13,485.91,477.05,3.56M,0.51%
07-Dec-16,479.41,480.2,482.68,476.33,3.39M,-0.01%
08-Dec-16,488.46,481.22,489.18,481.22,5.94M,1.89%
09-Dec-16,490.79,488.64,500.12,486.9,8.65M,0.48%
12-Dec-16,484.84,487.55,487.55,478.81,5.35M,-1.21%
13-Dec-16,491.22,486.4,492.53,481.74,4.85M,1.32%
14-Dec-16,495.95,491.61,498.53,488.19,5.38M,0.96%
15-Dec-16,492.28,494.79,505.48,490.62,7.97M,-0.74%
16-Dec-16,498.63,497.96,500.89,494.96,6.44M,1.29%
19-Dec-16,498.38,499.1,500.17,493.15,4.12M,-0.05%
20-Dec-16,502.11,497.07,505.5,496.72,7.64M,0.75%
21-Dec-16,496.85,504.02,506.99,495.21,7.34M,-1.05%
22-Dec-16,488.49,497.32,499.55,480.95,7.06M,-1.68%
23-Dec-16,490.35,488.59,499.35,482.98,7.31M,0.38%
26-Dec-16,487.52,490.13,493.1,483.73,3.21M,-0.58%
27-Dec-16,495.56,487.52,497.02,486.16,4.91M,1.65%
28-Dec-16,495.33,497.54,500.94,493.6,5.48M,-0.05%
29-Dec-16,492.28,497.94,500.05,490.2,6.24M,-0.62%
30-Dec-16,501.34,495.09,502.03,492.48,7.27M,1.84%
02-Jan-17,496.62,501.58,502.5,495.76,2.34M,-0.94%
03-Jan-17,493.03,498.11,498.51,487.15,6.78M,-0.72%
04-Jan-17,494.96,493.62,498.16,492.23,7.07M,0.39%
05-Jan-17,494.17,496.87,500.79,490.5,8.21M,-0.16%
06-Jan-17,482.31,493.55,495.51,480.23,14.39M,-2.40%
09-Jan-17,481.37,482.31,484.64,478.72,10.55M,-0.19%
10-Jan-17,481.47,484.67,486.65,480.18,11.94M,0.02%
11-Jan-17,480.75,483.28,485.39,478.19,12.24M,-0.15%
12-Jan-17,496.1,484.94,498.26,484.94,11.86M,3.19%
13-Jan-17,484.07,510.96,515.92,477.57,31.28M,-2.42%
16-Jan-17,474.08,478.72,478.94,472.49,12.35M,-2.06%
17-Jan-17,473.95,474.37,478.22,472.46,5.56M,-0.03%
18-Jan-17,471.67,475.29,476.73,471.17,5.95M,-0.48%
19-Jan-17,475.29,471.77,476.04,470.33,8.88M,0.77%
20-Jan-17,470.63,471.27,472.84,469.29,9.12M,-0.98%
23-Jan-17,472.61,468.79,475.24,466.31,7.95M,0.42%
24-Jan-17,469.07,471.27,471.27,466.36,6.83M,-0.75%
25-Jan-17,464.63,469.34,469.69,463.73,9.98M,-0.95%
27-Jan-17,467.38,463.26,470.06,447.04,10.64M,0.59%
30-Jan-17,470.95,465.07,472.02,460.78,11.37M,0.76%
31-Jan-17,460.66,467.06,467.06,448.63,24.07M,-2.18%
01-Feb-17,454.78,456.94,457.98,449.03,11.53M,-1.28%
02-Feb-17,464.28,454.9,468.79,451.48,11.83M,2.09%
03-Feb-17,464.38,463.24,466.76,456.91,8.42M,0.02%
06-Feb-17,463.96,464.95,468.17,461.63,6.73M,-0.09%
07-Feb-17,467.43,462.84,471.17,460.63,9.27M,0.75%
08-Feb-17,464.58,464.33,468.35,462.57,6.32M,-0.61%
09-Feb-17,469.29,464.83,471.27,464.6,11.91M,1.01%
10-Feb-17,480.35,469.41,482.19,467.95,12.25M,2.36%
13-Feb-17,488.31,482.61,489.18,477.65,13.72M,1.66%
14-Feb-17,489.98,486.16,490.62,482.36,9.34M,0.34%
15-Feb-17,487.05,490.72,495.48,480.6,7.26M,-0.60%
16-Feb-17,502.08,491.61,502.97,491.14,12.82M,3.09%
17-Feb-17,496.13,502.9,502.9,492.46,4.85M,-1.19%
20-Feb-17,501.16,494.34,511.46,492.85,4.65M,1.01%
21-Feb-17,502.82,507.04,508.23,496.1,7.61M,0.33%
22-Feb-17,491.19,503.52,503.52,489.33,6.61M,-2.31%
23-Feb-17,500.47,495.53,506,492.78,9.54M,1.89%
27-Feb-17,502.23,499.7,507.49,499.53,5.33M,0.35%
28-Feb-17,502.23,501.96,507.34,500.67,5.94M,0.00%
01-Mar-17,508.55,502.03,509.47,501.09,4.28M,1.26%
02-Mar-17,507.64,508.18,509.97,504.26,2.95M,-0.18%
03-Mar-17,511.56,501.16,513.09,496.28,5.40M,0.77%
06-Mar-17,512.9,506.02,513.91,505.85,5.29M,0.26%
07-Mar-17,505.9,506.99,508.88,503.37,4.64M,-1.36%
08-Mar-17,499.95,504.46,504.46,498.29,6.18M,-1.18%
09-Mar-17,501.81,499.95,502.53,495.58,3.48M,0.37%
10-Mar-17,506.92,503.52,509.79,502.73,4.55M,1.02%
14-Mar-17,513.34,507.39,516.86,507.39,7.88M,1.27%
15-Mar-17,502.01,513.39,513.39,499.8,6.37M,-2.21%
16-Mar-17,510.39,502.68,511.8,502.68,6.70M,1.67%
17-Mar-17,516.07,513.64,517.36,505.63,9.51M,1.11%
20-Mar-17,506.74,509.25,509.25,503.57,4.43M,-1.81%
21-Mar-17,512.37,506.45,513.42,505.4,4.87M,1.11%
22-Mar-17,509.82,507.21,515.9,506.2,3.99M,-0.50%
23-Mar-17,516.14,510.09,517.41,509.27,4.50M,1.24%
24-Mar-17,511.65,514.93,517.91,509.82,4.88M,-0.87%
27-Mar-17,510.39,509.57,516.84,508.23,7.68M,-0.25%
28-Mar-17,513.52,511.7,515.43,510.99,4.80M,0.61%
29-Mar-17,511.88,513.09,516.67,508.9,6.98M,-0.32%
30-Mar-17,508.73,512.94,513.89,506.12,12.16M,-0.62%
31-Mar-17,507.12,507.61,510.61,500.05,14.15M,-0.32%
03-Apr-17,500.44,512.03,512.18,499.1,4.32M,-1.32%
05-Apr-17,494.07,498.56,498.76,491.61,7.40M,-1.27%
06-Apr-17,495.88,495.16,498.96,492.11,5.38M,0.37%
07-Apr-17,486.93,496.52,496.52,485.66,6.40M,-1.80%
10-Apr-17,472.96,488.59,490.87,471.32,9.53M,-2.87%
11-Apr-17,479.78,474.28,482.04,474.28,8.66M,1.44%
12-Apr-17,480.63,481.2,484.62,476.41,6.70M,0.18%
13-Apr-17,462.05,481.2,491.12,459.69,30.97M,-3.87%
17-Apr-17,458.82,461.35,462.39,458.13,7.21M,-0.70%
18-Apr-17,457.71,458.75,463.34,455.95,4.65M,-0.24%
19-Apr-17,455.99,457.88,461.35,452.75,10.07M,-0.38%
20-Apr-17,460.01,457.14,461.2,455.67,4.55M,0.88%
21-Apr-17,458.23,463.73,463.73,456.94,3.58M,-0.39%
24-Apr-17,459.64,455.15,460.61,452.92,5.56M,0.31%
25-Apr-17,461.03,459.32,462.84,456.66,4.74M,0.30%
26-Apr-17,453.54,461.33,464.11,451.53,9.08M,-1.62%
27-Apr-17,459,454.41,460.86,454.41,7.80M,1.20%
28-Apr-17,455.87,459.79,460.06,454.21,5.03M,-0.68%
02-May-17,457.68,458.38,459.57,453.96,3.23M,0.40%
03-May-17,463.49,459.62,465.87,455.23,4.66M,1.27%
04-May-17,465.15,464.83,466.14,460.81,5.28M,0.36%
05-May-17,462.1,464.33,465,456.39,4.43M,-0.66%
08-May-17,469.04,465.32,470.55,462.34,4.71M,1.50%
09-May-17,469.61,471.57,472.24,467.36,5.65M,0.12%
10-May-17,468.12,469.86,471.27,464.9,3.36M,-0.32%
11-May-17,468.35,469.71,471.2,465.1,3.23M,0.05%
12-May-17,478.34,472.76,479.21,471.99,10.98M,2.13%
15-May-17,472.04,477.97,477.97,470.83,7.30M,-1.32%
16-May-17,473.75,472.81,476.31,469.76,6.13M,0.36%
17-May-17,472.66,472.07,475.47,468.22,2.92M,-0.23%
18-May-17,477.1,467.8,483.13,467.73,8.06M,0.94%
19-May-17,475.22,476.98,477.57,470.21,4.26M,-0.39%
22-May-17,476.95,475.44,479.66,474.52,5.50M,0.36%
23-May-17,474.9,478.54,479.71,473.31,4.04M,-0.43%
24-May-17,473.66,476.23,478.96,471.08,5.64M,-0.26%
25-May-17,487.79,476.73,489.43,476.73,10.44M,2.98%
26-May-17,493.94,489.63,496.08,486.45,4.99M,1.26%
29-May-17,488.71,491.56,494.44,484.02,6.31M,-1.06%
30-May-17,494.19,487.15,496.08,485.49,3.72M,1.12%
31-May-17,484.69,492.88,492.88,483.6,7.76M,-1.92%
01-Jun-17,481.89,480.85,486.01,475.52,5.51M,-0.58%
02-Jun-17,480.92,482.88,483.9,478.32,3.92M,-0.20%
05-Jun-17,475.61,481.2,482.19,474.77,5.46M,-1.10%
06-Jun-17,485.83,478.72,489.88,478.42,7.01M,2.15%
07-Jun-17,476.88,488.64,490.57,468.79,12.46M,-1.84%
08-Jun-17,474.47,477.7,477.7,470.36,6.20M,-0.51%
09-Jun-17,470.58,465.59,471.75,457.88,14.76M,-0.82%
12-Jun-17,478.14,467.98,478.81,466.36,8.59M,1.61%
13-Jun-17,475.14,473.01,477.7,472.07,4.94M,-0.63%
14-Jun-17,475.54,476.23,477.18,471.87,7.44M,0.08%
15-Jun-17,472.32,476.06,480.18,471.08,5.53M,-0.68%
16-Jun-17,466.44,470.83,473.18,464.33,10.95M,-1.24%
19-Jun-17,461.28,466.29,466.44,460.36,6.86M,-1.11%
20-Jun-17,468.07,463.83,469.74,463.36,5.18M,1.47%
21-Jun-17,467.98,468.79,470.78,464.35,3.74M,-0.02%
22-Jun-17,466.39,470.13,480.55,463.88,9.47M,-0.34%
23-Jun-17,467.93,468.79,470.85,465.32,6.40M,0.33%
27-Jun-17,459.89,468.79,470.28,458.25,6.90M,-1.72%
28-Jun-17,458.72,462.74,462.84,456.89,5.91M,-0.25%
29-Jun-17,461.45,461.45,470.26,459.67,15.91M,0.60%
30-Jun-17,464.11,461.75,465.32,460.86,4.22M,0.58%
03-Jul-17,472.22,466.86,473.75,463.63,5.09M,1.75%
04-Jul-17,477.3,473.18,481.2,470.98,5.17M,1.08%
05-Jul-17,471.72,475.74,475.74,468.99,4.23M,-1.17%
06-Jul-17,469.79,468.79,474.75,468.4,3.83M,-0.41%
07-Jul-17,464.03,468.22,469.02,462.87,5.78M,-1.23%
10-Jul-17,474.77,468.79,510.41,464.97,1.70M,2.31%
11-Jul-17,483.85,474.57,490.87,474.57,11.54M,1.91%
12-Jul-17,482.36,483.65,486.9,480.58,6.28M,-0.31%
13-Jul-17,484.69,484.79,487.87,478.27,5.17M,0.48%
14-Jul-17,482.21,495.81,499.48,479.24,22.48M,-0.51%
17-Jul-17,488.17,483.68,492.11,483.18,7.70M,1.24%
18-Jul-17,488.93,489.16,498.46,486.7,8.26M,0.16%
19-Jul-17,486.08,486.88,490.45,480.75,5.89M,-0.58%
20-Jul-17,480.92,485.81,486.08,479.68,6.81M,-1.06%
21-Jul-17,486.21,482.68,487.42,481.89,5.98M,1.10%
24-Jul-17,491.39,487.89,493.1,487.45,6.13M,1.07%
25-Jul-17,493.03,491.12,495.58,489.23,7.15M,0.33%
26-Jul-17,493.13,495.14,495.58,491.32,6.87M,0.02%
27-Jul-17,481.72,494.09,498.06,479.61,12.68M,-2.31%
28-Jul-17,494.76,484.17,497.57,477.38,11.10M,2.71%
31-Jul-17,501.63,492.06,506.84,489.5,19.16M,1.39%
01-Aug-17,498.83,501.53,504.51,495.26,7.69M,-0.56%
02-Aug-17,492.78,499.05,502.4,489.73,4.26M,-1.21%
03-Aug-17,488.14,491.61,495.46,486.28,4.64M,-0.94%
04-Aug-17,488.02,490.13,490.62,484.2,5.35M,-0.02%
07-Aug-17,480.33,487.89,488.02,479.06,6.07M,-1.58%
08-Aug-17,478.14,480.45,481.32,473.78,6.00M,-0.46%
09-Aug-17,480.87,480.03,483.13,478.49,3.92M,0.57%
10-Aug-17,486.78,481.15,489.88,480.87,9.14M,1.23%
11-Aug-17,489.98,484.17,494.59,481,6.54M,0.66%
14-Aug-17,486.88,490.13,490.72,484.74,3.82M,-0.63%
16-Aug-17,483.78,487.15,489.18,480.7,6.18M,-0.64%
17-Aug-17,506.42,498.56,510.59,495.11,25.78M,4.68%
18-Aug-17,458,504.96,504.96,438.63,164.40M,-9.56%
21-Aug-17,433.27,458.38,458.38,431.59,90.41M,-5.40%
22-Aug-17,434.27,444.09,445.01,426.63,49.24M,0.23%
23-Aug-17,442.9,436.55,448.31,433.52,61.28M,1.99%
24-Aug-17,452.5,451.43,455.52,447.64,42.38M,2.17%
28-Aug-17,466.81,468.27,473.23,465.32,40.71M,3.16%
29-Aug-17,460.09,467.03,467.31,459.14,13.37M,-1.44%
30-Aug-17,459.69,464.92,465.82,458.43,16.15M,-0.09%
31-Aug-17,453.89,460.76,460.83,452.87,15.02M,-1.26%
01-Sep-17,456.37,454.38,459.32,451.43,8.43M,0.55%
04-Sep-17,446.57,456.89,456.94,443.25,10.18M,-2.15%
05-Sep-17,447.41,447.46,448.95,445.11,9.78M,0.19%
06-Sep-17,444.29,446.47,446.62,441.51,7.74M,-0.70%
07-Sep-17,444.36,446.47,446.72,442.68,6.24M,0.02%
08-Sep-17,438.68,445.97,445.97,437.59,8.60M,-1.28%
11-Sep-17,435.9,441.71,442.4,433.4,13.79M,-0.63%
12-Sep-17,438.56,437.81,440.39,435.95,17.24M,0.61%
13-Sep-17,438.41,439.28,440.32,437.04,11.48M,-0.03%
14-Sep-17,442.7,438.78,444.78,437.34,13.70M,0.98%
15-Sep-17,450.56,442.65,453.04,442.6,13.46M,1.78%
18-Sep-17,450.98,451.43,455.28,449.6,8.48M,0.09%
19-Sep-17,452.55,450.44,454.41,448.21,6.03M,0.35%
20-Sep-17,452.77,454.9,454.9,450.17,5.77M,0.05%
21-Sep-17,451.21,453.91,454.04,450.51,8.20M,-0.34%
22-Sep-17,445.63,450.51,451.55,440.52,17.60M,-1.24%
25-Sep-17,444.16,446.97,447.44,441.06,9.09M,-0.33%
26-Sep-17,449.4,444.98,450.64,443.64,7.37M,1.18%
27-Sep-17,446.37,449.5,450.39,444.04,6.00M,-0.67%
28-Sep-17,444.49,444.54,448.4,443.64,17.54M,-0.42%
29-Sep-17,446.42,445.48,447.66,443.99,5.71M,0.43%
03-Oct-17,448.23,451.48,452.42,447.26,4.95M,0.41%
04-Oct-17,446.27,447.96,449.15,445.06,4.99M,-0.44%
05-Oct-17,447.98,446.47,448.93,445.97,8.61M,0.38%
06-Oct-17,456.47,448.45,457.38,448.43,8.57M,1.90%
09-Oct-17,458.33,456.39,460.86,453.42,3.50M,0.41%
10-Oct-17,464.06,466.29,466.29,461.13,7.14M,1.25%
11-Oct-17,461.7,464.06,465.32,460.36,5.98M,-0.51%
12-Oct-17,460.01,461.35,463.51,456.17,10.28M,-0.37%
13-Oct-17,461.4,462.74,463.09,460.14,7.18M,0.30%
16-Oct-17,465.82,464.3,467.31,462.84,5.76M,0.96%
17-Oct-17,461.6,464.73,464.73,461.1,5.63M,-0.91%
18-Oct-17,458.55,460.81,461.35,457.86,7.23M,-0.66%
19-Oct-17,459.84,461.35,462.34,458.97,1.09M,0.28%
23-Oct-17,466.07,461.35,467.31,460.41,9.15M,1.35%
24-Oct-17,459.62,469.29,469.61,457.19,14.53M,-1.38%
25-Oct-17,463.98,455.9,468.64,454.04,13.98M,0.95%
26-Oct-17,469.96,467.31,472.17,466.36,33.66M,1.29%
27-Oct-17,469.46,473.75,475.09,468.3,8.52M,-0.11%
30-Oct-17,468.35,473.58,473.58,466.83,12.97M,-0.24%
31-Oct-17,457.31,458.87,461.35,456.39,9.95M,-2.36%
01-Nov-17,459.89,458.87,461.05,458.03,5.63M,0.56%
02-Nov-17,457.83,457.9,459.37,456.39,4.69M,-0.45%
03-Nov-17,459.69,454.9,461.3,454.88,3.70M,0.41%
06-Nov-17,460.71,457.95,463.83,457.71,5.07M,0.22%
07-Nov-17,474,459.49,476.23,459.29,13.44M,2.88%
08-Nov-17,472.42,476.36,477.15,470.03,5.37M,-0.33%
09-Nov-17,473.51,472.76,477.72,470.41,4.72M,0.23%
10-Nov-17,477.25,475.64,478.39,471.27,6.59M,0.79%
13-Nov-17,472.24,477.25,480.9,470.95,5.02M,-1.05%
14-Nov-17,470.83,472.24,473.68,467.93,5.73M,-0.30%
15-Nov-17,472.17,468.87,473.01,468.55,7.02M,0.28%
16-Nov-17,490.32,472.17,494.04,470.53,15.69M,3.84%
17-Nov-17,481.67,488.88,488.88,478.79,8.06M,-1.76%
20-Nov-17,476.51,480.7,481.69,474.87,5.66M,-1.07%
21-Nov-17,479.34,476.88,481.94,476.26,5.36M,0.59%
22-Nov-17,479.36,479.51,481.72,477.87,6.08M,0.00%
23-Nov-17,491.74,481.94,493.32,480.7,11.89M,2.58%
24-Nov-17,500.82,491.56,505.65,491.22,18.62M,1.85%
27-Nov-17,495.46,499.4,499.4,492.75,6.02M,-1.07%
28-Nov-17,488.49,493.3,496.03,486.8,4.62M,-1.41%
29-Nov-17,487.5,489.95,492.08,486.31,3.84M,-0.20%
30-Nov-17,484.22,490.84,490.84,480.38,17.27M,-0.67%
01-Dec-17,475.64,485.86,487.74,474.77,4.09M,-1.77%
04-Dec-17,488.81,486.16,494.49,480.48,17.81M,2.77%
05-Dec-17,488.31,488.81,497.57,485.66,9.98M,-0.10%
06-Dec-17,491.27,488.64,493.15,488.14,7.49M,0.61%
07-Dec-17,495.98,490.62,497.52,488.93,7.55M,0.96%
08-Dec-17,497,496.57,499.55,493.6,5.98M,0.21%
11-Dec-17,498.71,493.57,499.5,493.08,5.14M,0.34%
12-Dec-17,501.29,497.07,503.02,497.07,9.32M,0.52%
13-Dec-17,497.94,501.49,505.5,494.91,5.36M,-0.67%
14-Dec-17,502.58,498.68,503.52,495.73,6.02M,0.93%
15-Dec-17,507.44,502.53,509.17,501.96,10.38M,0.97%
18-Dec-17,504.31,501.98,511.31,498.96,4.04M,-0.62%
19-Dec-17,498.04,504.73,504.98,495.85,7.12M,-1.24%
20-Dec-17,503.94,498.61,505.31,496.57,4.19M,1.18%
21-Dec-17,507.02,503.42,510.44,495.28,11.06M,0.61%
22-Dec-17,515.6,504.02,518.3,504.02,12.91M,1.69%
26-Dec-17,513.74,510.96,516.67,507.49,10.81M,-0.36%
27-Dec-17,513.07,509.97,515.47,509.67,6.97M,-0.13%
28-Dec-17,512.57,510.96,515.92,507.88,8.43M,-0.10%
29-Dec-17,516.94,511.01,520.29,510.96,6.60M,0.85%
01-Jan-18,512.72,514.78,518.15,510.96,5.43M,-0.82%
02-Jan-18,510.81,514.56,516.91,507.49,6.11M,-0.37%
03-Jan-18,506.64,510.22,511.75,505.31,6.85M,-0.82%
04-Jan-18,503.72,506.5,506.5,500.84,8.95M,-0.58%
05-Jan-18,502.03,503.67,509.17,499.05,11.03M,-0.34%
08-Jan-18,513.96,508.43,515.43,506.02,5.59M,2.38%
09-Jan-18,516.59,515.92,518.35,510.41,9.95M,0.51%
10-Jan-18,522,519.29,523.86,512.47,9.47M,1.05%
11-Jan-18,533.68,523.49,537.45,523.49,16.78M,2.24%
12-Jan-18,535,538.64,538.69,531.08,18.02M,0.25%
15-Jan-18,536.33,535.76,542.19,528.37,10.65M,0.25%
16-Jan-18,557.02,536.38,562.95,536.38,22.65M,3.86%
17-Jan-18,571.53,558.01,576.34,557.1,26.15M,2.60%
18-Jan-18,571.83,568.01,577.88,561.61,13.20M,0.05%
19-Jan-18,567.24,568.01,569.45,563.54,5.99M,-0.80%
22-Jan-18,570.49,561.63,573.94,561.56,9.65M,0.57%
23-Jan-18,583.93,572.97,589.34,572.97,15.40M,2.36%
24-Jan-18,588.25,582.79,605.74,579.17,20.60M,0.74%
25-Jan-18,583.09,586.36,587.06,576.57,13.55M,-0.88%
29-Jan-18,586.81,578.7,593.43,578.03,10.82M,0.64%
30-Jan-18,580.73,584.83,586.91,576.79,8.63M,-1.04%
31-Jan-18,570.61,575.03,578.72,566.6,9.21M,-1.74%
01-Feb-18,567.81,566.62,574.41,554.89,13.01M,-0.49%
02-Feb-18,567.14,563.17,576.89,560.62,10.24M,-0.12%
05-Feb-18,564.64,565.53,572.9,563.47,9.86M,-0.44%
06-Feb-18,549.53,545.66,559.75,543.28,10.55M,-2.68%
07-Feb-18,550.18,553.62,557.99,547.45,8.34M,0.12%
08-Feb-18,562.68,557,568.7,553.9,8.81M,2.27%
09-Feb-18,550.22,554.62,555.76,548.66,4.38M,-2.21%
12-Feb-18,547.07,553.03,555.91,544.59,6.29M,-0.57%
14-Feb-18,544.57,548.66,554.27,540.82,8.35M,-0.46%
15-Feb-18,552.85,547.17,560.42,547.17,7.99M,1.52%
16-Feb-18,559.6,558.09,566.35,554.66,9.89M,1.22%
19-Feb-18,561.44,559.77,563.54,555.76,6.46M,0.33%
20-Feb-18,564.02,547.55,570.24,547.55,7.19M,0.46%
21-Feb-18,569.2,569.25,571.43,565.53,13.77M,0.92%
22-Feb-18,575.82,568.28,577.43,565.75,17.86M,1.16%
23-Feb-18,573.29,577.19,578.43,568.88,9.46M,-0.44%
26-Feb-18,564.83,570.99,572.99,562.73,5.08M,-1.48%
27-Feb-18,570.59,567.98,572.3,558.41,6.62M,1.02%
28-Feb-18,581.7,569.3,590.08,566.79,17.27M,1.95%
01-Mar-18,575.82,580.21,580.21,573.49,6.58M,-1.01%
05-Mar-18,573.42,575.82,580.81,567.14,8.10M,-0.42%
06-Mar-18,571.16,576.72,578.13,567.31,6.69M,-0.39%
07-Mar-18,567.56,572.97,575.45,564.56,6.37M,-0.63%
08-Mar-18,573.79,569.99,578.33,569.99,6.09M,1.10%
09-Mar-18,577.14,576.62,578.43,573.24,4.22M,0.58%
12-Mar-18,588.22,583.39,591.25,581.28,7.68M,1.92%
13-Mar-18,587.26,585.47,593.81,582.97,8.58M,-0.16%
14-Mar-18,585.77,585.37,590.63,579.96,4.43M,-0.25%
15-Mar-18,586.61,585.37,589.54,581.4,6.10M,0.14%
16-Mar-18,581.35,586.36,586.56,580.04,17.95M,-0.90%
19-Mar-18,568.88,577.43,585.62,566.84,7.53M,-2.15%
20-Mar-18,577.71,569.8,580.41,569.8,8.55M,1.55%
21-Mar-18,579.17,580.41,583.14,576.54,7.69M,0.25%
22-Mar-18,576.1,577.68,584.11,573.12,6.81M,-0.53%
23-Mar-18,579.22,569,582.3,566.69,12.01M,0.54%
26-Mar-18,573.09,578.87,578.87,567.51,8.93M,-1.06%
27-Mar-18,572.47,575.45,576.1,570.54,3.80M,-0.11%
28-Mar-18,561.46,570.86,570.86,558.71,12.56M,-1.92%
02-Apr-18,564.12,566.02,570.27,556.25,8.07M,0.47%
03-Apr-18,565.75,562.9,567.29,559.63,4.08M,0.29%
04-Apr-18,557.69,567.51,567.79,555.61,4.81M,-1.42%
05-Apr-18,569.27,565.31,571.13,560.12,7.76M,2.08%
06-Apr-18,559.08,567.02,568.51,556.65,5.94M,-1.79%
09-Apr-18,551.27,558.09,558.48,548.94,7.20M,-1.40%
10-Apr-18,552.33,551.64,557.84,548.36,8.93M,0.19%
11-Apr-18,557.72,554.62,561.31,553.87,9.03M,0.98%
12-Apr-18,576.74,560.3,581.78,558.09,17.04M,3.41%
13-Apr-18,581.13,582.4,588.3,570.61,21.23M,0.76%
16-Apr-18,562.16,546.68,565.53,546.68,24.75M,-3.26%
17-Apr-18,558.19,559.08,559.28,553.13,10.40M,-0.71%
18-Apr-18,558.56,557.02,562.92,552.56,10.43M,0.07%
19-Apr-18,561.98,557.59,565.43,557.15,8.53M,0.61%
20-Apr-18,584.6,565.03,592.17,564.02,24.27M,4.03%
23-Apr-18,589.19,579.42,602.44,573.09,21.83M,0.79%
24-Apr-18,572.72,587.85,593.51,570.54,8.53M,-2.80%
25-Apr-18,575.62,571.48,580.91,568.11,11.59M,0.51%
26-Apr-18,583.61,582.4,586.19,575.45,11.30M,1.39%
27-Apr-18,587.95,585.37,591.13,582.49,7.66M,0.74%
30-Apr-18,595.05,586.22,599.24,585.69,5.51M,1.21%
02-May-18,593.83,594.75,596.09,585.87,10.30M,-0.21%
03-May-18,586.64,593.93,597.63,583.44,5.33M,-1.21%
04-May-18,581.95,587.85,588.35,572.97,6.02M,-0.80%
07-May-18,586.86,585.99,590.33,583.14,4.64M,0.84%
08-May-18,578.2,584.33,584.33,575.97,5.72M,-1.48%
09-May-18,580.76,579.17,583.83,576.94,3.78M,0.44%
10-May-18,579.42,583.39,586.86,576.86,3.18M,-0.23%
11-May-18,585.74,581.55,586.96,578.45,3.31M,1.09%
14-May-18,589.99,587.53,591.08,580.41,4.43M,0.73%
15-May-18,592.59,589.39,599.26,589.39,5.61M,0.44%
16-May-18,590.31,588.97,594.3,587.6,6.21M,-0.38%
17-May-18,586.81,593.31,594.03,582.17,9.52M,-0.59%
18-May-18,586.96,586.86,588.62,581.9,7.14M,0.03%
21-May-18,585.12,585.15,589.54,580.41,8.48M,-0.31%
22-May-18,592.24,582.89,594.3,582.35,5.64M,1.22%
23-May-18,587.8,592.81,599.09,586.12,9.54M,-0.75%
24-May-18,605.71,594.3,608.96,594.3,9.74M,3.05%
25-May-18,609.33,610.23,619.43,605.61,8.90M,0.60%
28-May-18,602.44,610.67,611.47,598.27,5.74M,-1.13%
29-May-18,603.58,602.26,608.46,598.37,3.39M,0.19%
30-May-18,601.1,603.73,609.56,598.07,6.32M,-0.41%
31-May-18,611.07,601.1,616.13,600.38,19.72M,1.66%
01-Jun-18,605.61,610.37,618.24,603.83,5.00M,-0.89%
04-Jun-18,614.84,605.76,616.62,601.25,4.27M,1.52%
05-Jun-18,605.64,616.13,616.13,603.73,4.71M,-1.50%
06-Jun-18,613.87,607.79,615.91,605.24,4.04M,1.36%
07-Jun-18,621.31,614.14,624.07,614.14,6.68M,1.21%
08-Jun-18,625.08,619.11,626.05,618.14,6.46M,0.61%
11-Jun-18,626.25,627.81,630.02,622.6,5.17M,0.19%
12-Jun-18,624.31,627.91,630.64,620.32,7.84M,-0.31%
13-Jun-18,632.4,628.43,636.96,628.43,5.77M,1.30%
14-Jun-18,619.85,626.5,626.5,617.05,7.60M,-1.98%
15-Jun-18,640.62,618.5,645.75,617.5,19.96M,3.35%
18-Jun-18,633.7,642,645.62,631.17,8.21M,-1.08%
19-Jun-18,620.8,631.5,631.7,619.02,7.55M,-2.04%
20-Jun-18,621.58,624.25,626.17,619,5.37M,0.13%
21-Jun-18,623.27,622.98,628.25,618,5.80M,0.27%
22-Jun-18,623.92,621.5,627.75,620.6,4.34M,0.10%
25-Jun-18,636.23,628.58,639.4,627,7.73M,1.97%
26-Jun-18,638.92,634.5,641.95,633.12,4.48M,0.42%
27-Jun-18,635,641.98,646.73,632.8,6.95M,-0.61%
28-Jun-18,644.8,638.15,649,638.12,11.00M,1.54%
29-Jun-18,653.6,649.02,657.5,641.62,9.97M,1.36%
02-Jul-18,667.35,657,670,657,4.83M,2.10%
03-Jul-18,676.88,665.95,678.95,665.88,8.13M,1.43%
04-Jul-18,672.6,676.02,676.33,669.42,5.03M,-0.63%
05-Jul-18,642,673.55,673.62,634.05,17.02M,-4.55%
06-Jul-18,642.12,645.12,650.92,634.5,11.22M,0.02%
09-Jul-18,649.42,648.5,651.5,639.52,6.64M,1.14%
10-Jul-18,650.7,654.25,657.73,647.15,5.97M,0.20%
11-Jul-18,660.23,658.77,671.05,645.67,11.90M,1.46%
12-Jul-18,647.17,663.05,663.55,642.23,13.27M,-1.98%
13-Jul-18,658.7,657.5,665.8,649.17,19.50M,1.78%
16-Jul-18,666.42,658.7,692.2,643.85,35.34M,1.17%
17-Jul-18,663.95,664.85,674.75,656.35,11.16M,-0.37%
18-Jul-18,661.27,669.9,671.7,657,6.92M,-0.40%
19-Jul-18,658.35,661.5,665.95,654.55,5.12M,-0.44%
20-Jul-18,674.05,663,683.58,660.65,11.71M,2.38%
23-Jul-18,677.98,676.08,684,668.12,7.68M,0.58%
24-Jul-18,688.58,687.2,691.2,678,6.17M,1.56%
25-Jul-18,691.88,689.5,696.9,682.73,6.94M,0.48%
26-Jul-18,686.62,689.27,695.2,684.6,7.36M,-0.76%
27-Jul-18,686.73,686.6,694.5,684.15,6.49M,0.02%
30-Jul-18,675.5,685,686.5,674,6.41M,-1.64%
31-Jul-18,682.55,674.27,685,667.77,7.94M,1.04%
01-Aug-18,677.02,681.9,684.23,675.5,4.68M,-0.81%
02-Aug-18,676.83,679.8,683.38,675.08,5.94M,-0.03%
03-Aug-18,682.05,683.1,683.1,678,3.97M,0.77%
06-Aug-18,680.33,683.02,687.5,673.75,6.18M,-0.25%
07-Aug-18,683.98,687,689.98,680.33,7.35M,0.54%
08-Aug-18,681.38,685.9,686.25,676.65,3.99M,-0.38%
09-Aug-18,689.98,686.83,694.73,686.83,6.41M,1.26%
10-Aug-18,692.73,692.9,694.5,686.52,4.78M,0.40%
13-Aug-18,704.38,695,704.92,689.35,9.98M,1.68%
14-Aug-18,704.15,706.98,712.27,702,6.15M,-0.03%
16-Aug-18,714.77,707.48,717.45,705.62,6.63M,1.51%
17-Aug-18,715.17,715.45,718.83,711.5,6.39M,0.06%
20-Aug-18,692.12,694,703.98,686.75,16.10M,-3.22%
21-Aug-18,691.98,695,698,686.88,8.36M,-0.02%
23-Aug-18,698.7,696.5,700.75,692.67,7.72M,0.97%
24-Aug-18,689.15,698.25,700.95,688.05,7.05M,-1.37%
27-Aug-18,707.7,691.5,709.98,690.7,7.01M,2.69%
28-Aug-18,712.35,708.6,719.2,705.75,6.50M,0.66%
29-Aug-18,705.05,716.8,716.8,702.58,5.65M,-1.02%
30-Aug-18,708.1,706.4,710.77,698.08,11.51M,0.43%
31-Aug-18,720.55,712.55,727.15,710.55,10.88M,1.76%
03-Sep-18,717.12,724.5,733.95,715,10.98M,-0.48%
04-Sep-18,737.15,722,748.5,716,15.37M,2.79%
05-Sep-18,729.9,741.95,744.05,725.4,8.66M,-0.98%
06-Sep-18,727.15,732.55,735.5,724.1,5.60M,-0.38%
07-Sep-18,732.8,734.35,735.15,723.8,6.51M,0.78%
10-Sep-18,730.85,737.75,747,729.4,5.63M,-0.27%
11-Sep-18,734.3,735.9,744.75,732,6.96M,0.47%
12-Sep-18,742.9,744.4,746.5,736.25,4.64M,1.17%
14-Sep-18,733.7,741.9,745,729.05,7.90M,-1.24%
17-Sep-18,725.95,735,740,724.6,5.43M,-1.06%
18-Sep-18,719.1,730,730,717,7.73M,-0.94%
19-Sep-18,719.75,727,727,713.2,4.85M,0.09%
21-Sep-18,705.3,713.85,717.4,692,14.35M,-2.01%
24-Sep-18,718.25,706.5,729.95,706.5,8.64M,1.84%
25-Sep-18,726.2,718.25,736,717,9.60M,1.11%
26-Sep-18,717.85,731.2,731.85,712,6.60M,-1.15%
27-Sep-18,724.8,722,730.8,717.45,14.59M,0.97%
28-Sep-18,730.05,721,734.55,715.2,7.49M,0.72%
01-Oct-18,746.65,737.5,754.9,733,8.25M,2.27%
03-Oct-18,728.5,743.8,751.95,726.3,7.79M,-2.43%
04-Oct-18,707.2,728.5,729.75,702.5,6.17M,-2.92%
05-Oct-18,724.6,713,731.5,709.3,8.54M,2.46%
08-Oct-18,714.45,725.05,728.7,709.25,7.26M,-1.40%
09-Oct-18,717.75,717.1,722.4,702.65,6.78M,0.46%
10-Oct-18,700.45,719.9,719.9,695.4,8.87M,-2.41%
11-Oct-18,673.35,685,692.9,663.3,10.99M,-3.87%
12-Oct-18,678.8,676.4,684.05,661.5,8.91M,0.81%
15-Oct-18,698.8,688.6,705,681.5,6.22M,2.95%
16-Oct-18,695.25,710,713.9,689.4,11.59M,-0.51%
17-Oct-18,705.35,710,721.8,701.35,20.36M,1.45%
19-Oct-18,683.55,687,687.7,678,10.42M,-3.09%
22-Oct-18,679.95,688.7,695.05,673.8,6.67M,-0.53%
23-Oct-18,657.6,675.95,682,653.3,9.04M,-3.29%
24-Oct-18,649.8,663,666.5,647.15,7.06M,-1.19%
25-Oct-18,648.75,643,656.35,636.25,8.27M,-0.16%
26-Oct-18,633.6,645.3,648.7,629.9,5.46M,-2.34%
29-Oct-18,644.75,633.7,650.55,631.5,7.14M,1.76%
30-Oct-18,659.6,641.1,663.8,637.45,8.79M,2.30%
31-Oct-18,686.4,663.9,692.95,663.05,11.95M,4.06%
01-Nov-18,666.7,689.7,689.7,659.6,5.86M,-2.87%
02-Nov-18,662.25,665.95,675.8,660.1,6.65M,-0.67%
05-Nov-18,666,663.5,668.6,657,5.80M,0.57%
06-Nov-18,666.45,667.9,675,660.65,6.98M,0.07%
07-Nov-18,675.5,673,677.5,672,758.96K,1.36%
09-Nov-18,659.5,679,679,655.5,9.69M,-2.37%
12-Nov-18,664.2,666,676.4,662.3,7.12M,0.71%
13-Nov-18,665.7,663.5,667.75,656.3,4.14M,0.23%
14-Nov-18,653.2,665.7,665.7,640.5,7.32M,-1.88%
15-Nov-18,656.4,654,666,646.7,5.51M,0.49%
16-Nov-18,650.85,659.9,662.5,644.2,8.58M,-0.85%
19-Nov-18,651.7,659,662,649.25,6.02M,0.13%
20-Nov-18,641.4,651.7,656,640.1,5.38M,-1.58%
21-Nov-18,619.1,640,640.05,612.1,14.36M,-3.48%
22-Nov-18,620.75,622.25,628.15,616.75,6.63M,0.27%
26-Nov-18,621.45,621,628,599.85,15.08M,0.11%
27-Nov-18,638.9,625.5,641,625.3,12.29M,2.81%
28-Nov-18,666.4,640.95,668.7,640,17.72M,4.30%
29-Nov-18,661.05,671,674.9,658.8,13.40M,-0.80%
30-Nov-18,667.45,661,672,660.95,10.45M,0.97%
03-Dec-18,670.35,673.15,679,665.95,8.26M,0.43%
04-Dec-18,685.25,672.55,688.25,671.3,7.83M,2.22%
05-Dec-18,681.4,683,683.65,672.5,5.18M,-0.56%
06-Dec-18,668.5,676.1,685.45,664.55,8.04M,-1.89%
07-Dec-18,682.8,672,685.75,665.6,5.55M,2.14%
10-Dec-18,669.2,669.9,683.8,665.2,5.12M,-1.99%
11-Dec-18,674.5,669.2,681.9,660.6,7.12M,0.79%
12-Dec-18,678.5,677.1,680.65,670.6,6.93M,0.59%
13-Dec-18,697.75,682,700,680,7.52M,2.84%
14-Dec-18,706.05,697.45,713.7,694.4,9.56M,1.19%
17-Dec-18,694.4,711.85,711.85,692.75,4.78M,-1.65%
18-Dec-18,676.6,686.5,686.5,674.55,8.02M,-2.56%
19-Dec-18,664.85,671.55,671.55,661.1,8.30M,-1.74%
20-Dec-18,667.05,660,671.55,656.4,11.71M,0.33%
21-Dec-18,646.2,659.5,659.5,643.45,12.80M,-3.13%
24-Dec-18,649,657,658.8,647.6,8.38M,0.43%
26-Dec-18,644.05,647,647,637.35,6.18M,-0.76%
27-Dec-18,656.8,652.75,663.25,649,15.33M,1.98%
28-Dec-18,656.95,663.35,663.5,653.3,4.74M,0.02%
31-Dec-18,658.95,660,662,655.8,3.37M,0.30%
01-Jan-19,665.05,660.95,666.3,654.15,2.94M,0.93%
02-Jan-19,669.05,666,674,662.05,7.42M,0.60%
03-Jan-19,669.15,672,677,663.1,6.83M,0.01%
04-Jan-19,661.05,671.75,673.9,651,7.89M,-1.21%
07-Jan-19,671.7,665,673.6,661.5,8.05M,1.61%
08-Jan-19,670.05,674.95,677.45,668.55,8.62M,-0.25%
09-Jan-19,676.1,686.2,689.8,664,18.13M,0.90%
10-Jan-19,679.7,681.6,682,672.55,9.57M,0.53%
11-Jan-19,683.5,680.2,685.5,672.5,12.28M,0.56%
14-Jan-19,698.06,703.13,706.32,692.15,19.31M,2.13%
15-Jan-19,722.63,703.33,726.01,703.33,19.67M,3.52%
16-Jan-19,732.77,725.91,733.77,724.52,9.66M,1.40%
17-Jan-19,729.34,731.78,734.96,725.11,6.90M,-0.47%
18-Jan-19,726.95,726.01,732.18,722.33,5.90M,-0.33%
21-Jan-19,740.93,734.16,746.89,729.99,8.13M,1.92%
22-Jan-19,741.28,737.2,744.91,729.99,6.72M,0.05%
23-Jan-19,727.65,738.29,738.54,725.21,7.21M,-1.84%
24-Jan-19,732,728.1,736.1,721,7.43M,0.60%
25-Jan-19,730.35,728,737.9,724.25,5.54M,-0.23%
28-Jan-19,727.95,731,732.6,719,7.94M,-0.33%
29-Jan-19,727.9,725.5,732.85,716.5,6.76M,-0.01%
30-Jan-19,725.9,727.9,734.8,721.1,5.76M,-0.27%
31-Jan-19,749.55,726,751.3,726,13.83M,3.26%
01-Feb-19,757.05,751.35,762.5,744.5,6.28M,1.00%
04-Feb-19,755.9,757,762.5,749.2,3.95M,-0.15%
05-Feb-19,754.85,747,759.95,747,4.69M,-0.14%
06-Feb-19,763.3,755.55,766.95,754.35,5.88M,1.12%
07-Feb-19,764,763.05,769.45,761,3.96M,0.09%
08-Feb-19,760.9,760,772.25,754.9,5.92M,-0.41%
11-Feb-19,762.8,766.9,768.75,759,5.50M,0.25%
12-Feb-19,750.45,760.35,760.35,741,7.31M,-1.62%
13-Feb-19,754.9,750.1,759.7,743.65,5.05M,0.59%
14-Feb-19,740.05,751,753,737.25,4.61M,-1.97%
15-Feb-19,741.95,742.3,746.5,732.6,5.59M,0.26%
18-Feb-19,741.05,742.35,747.65,736,5.35M,-0.12%
19-Feb-19,724.3,739.1,740.55,721.3,9.40M,-2.26%
20-Feb-19,740.7,727,743,726.05,5.21M,2.26%
21-Feb-19,733.45,738,738,727.1,7.20M,-0.98%
22-Feb-19,734.95,732.5,738.2,728,3.75M,0.20%
25-Feb-19,754.9,735.55,758,735.55,6.55M,2.71%
26-Feb-19,742.5,748.6,752.6,740.15,8.32M,-1.64%
27-Feb-19,735.25,745,746.4,732.75,5.94M,-0.98%
28-Feb-19,734.3,738.7,742.4,732.3,8.56M,-0.13%
01-Mar-19,741.9,735.5,743.4,735.5,4.00M,1.04%
05-Mar-19,732.5,740.5,742.5,730.25,4.83M,-1.27%
06-Mar-19,732.5,736.1,736.1,727,6.08M,0.00%
07-Mar-19,722.95,734,734.5,720.55,5.95M,-1.30%
08-Mar-19,712.35,722.95,722.95,710.65,7.19M,-1.47%
11-Mar-19,711.25,713.3,718.5,709.4,9.93M,-0.15%
12-Mar-19,706.95,709,714.95,705.6,12.00M,-0.60%
13-Mar-19,708.45,710,718.6,706.3,11.35M,0.21%
14-Mar-19,708.35,714,714.9,706.2,6.42M,-0.01%
15-Mar-19,718.55,712,723.75,709.6,14.64M,1.44%
18-Mar-19,710.2,721.55,723.7,705.35,8.07M,-1.16%
19-Mar-19,722.25,712.8,726.5,707.4,8.92M,1.70%
20-Mar-19,738.95,727.25,742.3,727.15,13.47M,2.31%
22-Mar-19,743.1,745,746.35,732.3,8.88M,0.56%
25-Mar-19,735.25,742.4,742.4,730.55,7.64M,-1.06%
"Mar 26, 2019",727.75,735.25,735.25,719.1,9.41M,-1.02%
27-Mar-19,729.7,730,732.3,727.15,7.39M,0.27%
28-Mar-19,737.8,730,745,730,9.28M,1.11%
29-Mar-19,743.85,743.9,747.95,740,6.92M,0.82%
01-Apr-19,755.1,742,760,742,6.58M,1.51%
02-Apr-19,759.4,759,765.8,754.6,7.28M,0.57%
03-Apr-19,753.3,756,758.5,746.8,6.90M,-0.80%
04-Apr-19,747.9,751.4,753.8,745.1,7.69M,-0.72%
05-Apr-19,759.3,750.9,760.95,748,6.28M,1.52%
08-Apr-19,767.25,763.05,770,755.4,4.92M,1.05%
09-Apr-19,760.6,770,773,758.2,6.73M,-0.87%
10-Apr-19,752.7,764,766.7,751.3,7.03M,-1.04%
11-Apr-19,742.7,751.75,751.75,740.05,8.20M,-1.33%
12-Apr-19,747.75,743.1,751.55,740.6,7.04M,0.68%
15-Apr-19,727.5,724.7,731.35,712.6,31.57M,-2.71%
16-Apr-19,724.1,727.9,727.9,714.1,12.52M,-0.47%
18-Apr-19,717.05,722.5,722.5,712.75,13.80M,-0.97%
22-Apr-19,721.05,717.05,725.75,715,6.46M,0.56%
23-Apr-19,728.2,723.9,730,718.4,5.52M,0.99%
24-Apr-19,736.45,728.2,737.9,724,8.29M,1.13%
25-Apr-19,728.55,736.45,737.65,727.05,8.01M,-1.07%
26-Apr-19,738,731,739.8,729,6.90M,1.30%
30-Apr-19,751.35,738,753.8,738,9.92M,1.81%
02-May-19,730.8,747,748.4,729.5,6.35M,-2.74%
03-May-19,723.6,722.9,731,718.2,6.35M,-0.99%
06-May-19,718.4,715,721.8,710.65,8.86M,-0.72%
07-May-19,724.55,720.4,727.9,718.7,5.75M,0.86%
08-May-19,719.35,721,726,716.5,6.25M,-0.72%
09-May-19,721.05,719.15,730.3,715.8,7.40M,0.24%
10-May-19,716.85,720.8,726,715,8.35M,-0.58%
13-May-19,719.7,716.55,726.45,712.1,6.81M,0.40%
14-May-19,713.85,716.5,717.75,703.6,10.51M,-0.81%
15-May-19,716.1,714.9,725.2,712.6,6.67M,0.32%
16-May-19,733.1,720,737,719.1,6.47M,2.37%
17-May-19,723.9,733.15,735.8,720.1,8.16M,-1.25%
20-May-19,722.4,719.7,726.4,706,11.21M,-0.21%
21-May-19,709.3,722.65,722.65,707.7,8.65M,-1.81%
22-May-19,709.75,710,718.25,707,5.80M,0.06%
23-May-19,701.05,715,716.7,697.45,7.23M,-1.23%
24-May-19,709.2,703.8,711.75,700.45,7.02M,1.16%
27-May-19,708.1,707.4,713.8,705.5,10.25M,-0.16%
28-May-19,728.1,712,733.45,709.8,23.86M,2.82%
29-May-19,727.8,725.5,733.65,723.65,10.29M,-0.04%
30-May-19,733.55,727,737.25,722.55,15.09M,0.79%
31-May-19,737.75,736.5,742.95,733.2,8.29M,0.57%
03-Jun-19,744.65,729.8,750.9,729,7.74M,0.94%
04-Jun-19,735.3,737.25,739.45,733.15,11.73M,-1.26%
06-Jun-19,735.6,736.5,744.65,733.65,7.56M,0.04%
07-Jun-19,739.1,735.85,743.95,735.85,3.22M,0.48%
10-Jun-19,753.5,740.1,754.1,740.1,4.44M,1.95%
11-Jun-19,754.9,755,759,750.5,5.73M,0.19%
12-Jun-19,753.8,756.95,756.95,745,8.74M,-0.15%
13-Jun-19,742.65,740,747.2,740,4.81M,-1.48%
14-Jun-19,740.45,743.85,745.5,738.25,5.56M,-0.30%
17-Jun-19,740.55,743,744.5,737.8,3.09M,0.01%
18-Jun-19,750.15,740.2,752.45,740.2,6.20M,1.30%
19-Jun-19,751.9,752.5,755.4,748.6,4.60M,0.23%
20-Jun-19,754.9,737.8,756.9,735.9,7.15M,0.40%
21-Jun-19,750.2,755,755,747.15,13.20M,-0.62%
24-Jun-19,745.5,751.9,751.9,742.65,4.76M,-0.63%
25-Jun-19,748.1,744,750.9,737.3,3.68M,0.35%
26-Jun-19,739.2,743,751.45,738,5.45M,-1.19%
27-Jun-19,730.55,742,744.7,728.15,11.12M,-1.17%
28-Jun-19,732,735.5,739.5,728.5,5.92M,0.20%
01-Jul-19,731.3,735,737.5,729.85,3.22M,-0.10%
02-Jul-19,740,734,741.65,730.1,4.84M,1.19%
03-Jul-19,731.3,741,743.2,730,5.96M,-1.18%
04-Jul-19,733.8,729,736.4,728.6,3.27M,0.34%
05-Jul-19,718,735,736.4,713.5,4.93M,-2.15%
08-Jul-19,717.6,716.45,724.95,712.3,7.18M,-0.06%
09-Jul-19,715.5,718,719.85,709.05,5.02M,-0.29%
10-Jul-19,717.25,709,722.7,706.5,7.57M,0.24%
11-Jul-19,721.5,719.45,723.5,709.6,6.25M,0.59%
12-Jul-19,726.75,722.5,730.6,719.6,7.87M,0.73%
15-Jul-19,779.35,763,781.65,754.2,31.06M,7.24%
16-Jul-19,784.85,777,787.8,776,9.92M,0.71%
17-Jul-19,794.15,783.9,795,776.75,6.75M,1.18%
18-Jul-19,792.7,789.05,798.5,786.2,6.53M,-0.18%
19-Jul-19,785.4,788.7,794.5,781.25,6.81M,-0.92%
22-Jul-19,784.4,785.95,792,782.05,7.11M,-0.13%
23-Jul-19,790.05,787,804,785.55,10.78M,0.72%
24-Jul-19,786.3,788,793.75,783.6,5.75M,-0.47%
25-Jul-19,794.5,788.25,800.2,787.65,9.77M,1.04%
26-Jul-19,787,792.3,795,782.2,4.94M,-0.94%
29-Jul-19,791.45,789.5,796.95,786.2,6.24M,0.57%
30-Jul-19,792.7,791.9,797.8,788.55,8.67M,0.16%
31-Jul-19,793.65,790.85,799.8,781.6,7.35M,0.12%
01-Aug-19,768.85,786.45,788.4,764.4,10.07M,-3.12%
02-Aug-19,775.6,765.05,779.9,762.25,10.84M,0.88%
05-Aug-19,776.7,772.6,785.9,768.65,9.98M,0.14%
06-Aug-19,774.45,778.8,783.7,769.8,9.33M,-0.29%
07-Aug-19,776.1,778.9,783.45,772.35,5.13M,0.21%
08-Aug-19,788.75,782.7,792.75,781.25,8.01M,1.63%
09-Aug-19,789.85,792,796.75,784.8,4.36M,0.14%
13-Aug-19,764.75,784.15,786,760.15,7.52M,-3.18%
14-Aug-19,774.8,775.1,778.25,768,5.94M,1.31%
16-Aug-19,774.55,780,780.05,762.5,5.13M,-0.03%
19-Aug-19,777.65,775.6,783,773.35,3.88M,0.40%
20-Aug-19,792.75,785.2,798,783.85,8.44M,1.94%
21-Aug-19,799.45,793,803.75,793,5.93M,0.85%
22-Aug-19,795.7,799.9,801.3,792.35,5.22M,-0.47%
23-Aug-19,802.2,796.45,809.95,795.8,6.90M,0.82%
26-Aug-19,802.55,795.9,806.8,786.9,5.41M,0.04%
27-Aug-19,784.65,791,794.95,781.1,16.06M,-2.23%
28-Aug-19,802.5,787.4,805,786.3,5.88M,2.27%
29-Aug-19,806.95,795.5,809.7,795.5,7.83M,0.55%
30-Aug-19,814.9,810,817.35,802,8.17M,0.99%
03-Sep-19,814.25,815,822.4,812.05,5.65M,-0.08%
04-Sep-19,821.3,810.75,822.45,810.25,6.20M,0.87%
05-Sep-19,834.05,830.1,837.5,826.65,7.93M,1.55%
06-Sep-19,840.15,843.3,847,835.05,6.11M,0.73%
09-Sep-19,829.1,836.8,840.3,827.55,4.38M,-1.32%
11-Sep-19,820.1,822.3,828.55,814.15,7.98M,-1.09%
12-Sep-19,816.4,816.4,819.85,810.85,4.40M,-0.45%
13-Sep-19,829.3,818.1,831.05,817.5,4.83M,1.58%
16-Sep-19,827.7,832.05,837.95,820.55,4.85M,-0.19%
17-Sep-19,831.25,831.5,835,820.55,5.54M,0.43%
18-Sep-19,829.85,829.9,832.95,824,3.20M,-0.17%
19-Sep-19,820.7,824.85,827,815.2,6.60M,-1.10%
20-Sep-19,805,822.9,835,802,22.46M,-1.91%
23-Sep-19,764.35,806.9,806.9,741.9,17.28M,-5.05%
24-Sep-19,794.05,765,798.65,765,13.72M,3.89%
25-Sep-19,792.65,787.7,801,781.65,9.31M,-0.18%
26-Sep-19,782.55,787.75,797,778.1,18.44M,-1.27%
27-Sep-19,782.2,787.05,794.25,780.1,5.09M,-0.04%
30-Sep-19,805.65,785.1,808,784.15,8.18M,3.00%
01-Oct-19,793.55,807,807.55,791.55,5.88M,-1.50%
03-Oct-19,785.6,792.55,797.85,784.15,5.50M,-1.00%
04-Oct-19,793.45,790,797.6,787.05,8.20M,1.00%
07-Oct-19,789.55,794.85,802,786.1,3.68M,-0.49%
09-Oct-19,783.65,795.45,795.9,778.8,6.34M,-0.75%
10-Oct-19,783.05,785.4,794.7,776.6,10.40M,-0.08%
11-Oct-19,814.8,781.5,823.8,776.6,20.64M,4.05%
14-Oct-19,786.1,786.75,797,780,15.15M,-3.52%
15-Oct-19,768.3,773.1,775.95,765,13.76M,-2.26%
16-Oct-19,771.45,765.25,775.95,761.55,10.77M,0.41%
17-Oct-19,769.5,767,770.55,765.1,9.86M,-0.25%
18-Oct-19,767.85,763.8,773.8,760,10.04M,-0.21%
22-Oct-19,643.55,691.1,691.1,638.35,90.15M,-16.19%
23-Oct-19,650.6,630,656.65,615.1,60.52M,1.10%
24-Oct-19,635.35,650,653.2,632,25.67M,-2.34%
25-Oct-19,637.45,647,652.5,636,16.55M,0.33%
27-Oct-19,648.85,648.85,648.85,648.85,0,1.79%
29-Oct-19,650.65,651,653.75,647,16.71M,0.28%
30-Oct-19,660.6,660.4,671.4,656.2,22.88M,1.53%
31-Oct-19,685.6,668.4,695.45,666.1,27.41M,3.78%
01-Nov-19,687.9,690,694,682.6,9.71M,0.34%
04-Nov-19,709,681.8,732.5,678.15,29.38M,3.07%
05-Nov-19,696.1,708.75,708.75,691.5,12.90M,-1.82%
06-Nov-19,712.3,695.8,721.5,692,21.37M,2.33%
07-Nov-19,720.1,717,724.35,712.1,13.73M,1.10%
08-Nov-19,708.15,722,724.25,705.5,8.59M,-1.66%
11-Nov-19,704.4,698.9,707.2,698,6.95M,-0.53%
13-Nov-19,691.35,696.5,700,687.75,9.97M,-1.85%
14-Nov-19,705.3,696.35,709.8,696.35,10.54M,2.02%
15-Nov-19,703.9,709.05,712.95,702.3,7.36M,-0.20%
18-Nov-19,705.2,705,710,699.3,7.49M,0.18%
19-Nov-19,712.85,709.9,714,705,6.50M,1.08%
20-Nov-19,713,712.8,715,705,6.14M,0.02%
21-Nov-19,713.25,715.5,721.45,710.5,9.69M,0.04%
22-Nov-19,693.2,711.75,712,685.1,14.42M,-2.81%
25-Nov-19,698.1,693.35,705.15,693.2,7.33M,0.71%
26-Nov-19,690.6,705,707.25,686,27.25M,-1.07%
27-Nov-19,695.75,694.25,697.65,690.1,3.86M,0.75%
28-Nov-19,701.85,699.1,703.35,694.05,4.84M,0.88%
29-Nov-19,696.35,700.9,702.3,691.55,4.26M,-0.78%
02-Dec-19,692.7,703.1,704,690.3,9.38M,-0.52%
03-Dec-19,698.35,692.7,699.7,688.55,5.24M,0.82%
04-Dec-19,708.85,697,710.5,693.35,7.43M,1.50%
05-Dec-19,714.85,706.45,715.9,703.8,4.81M,0.85%
06-Dec-19,715.1,715.95,720,709.6,5.23M,0.03%
09-Dec-19,717.25,716,722.35,714.25,6.44M,0.30%
10-Dec-19,714.55,713,718.5,710,4.46M,-0.38%
11-Dec-19,721.05,716.6,722.7,713,6.04M,0.91%
12-Dec-19,702.1,718.5,720.7,699.55,11.11M,-2.63%
13-Dec-19,711.3,700.35,712.9,700.35,10.30M,1.31%
16-Dec-19,714,712.3,720.2,710.2,5.62M,0.38%
17-Dec-19,729.7,719.7,731.25,715,10.53M,2.20%
18-Dec-19,732.45,731,737.3,722.75,12.22M,0.38%
19-Dec-19,730.85,733.5,735.95,724.6,7.20M,-0.22%
20-Dec-19,731.55,731,735,728.25,7.79M,0.10%
23-Dec-19,736,732.15,737.3,731.65,4.98M,0.61%
24-Dec-19,733.4,736.95,736.95,728.3,2.89M,-0.35%
26-Dec-19,728.95,732,734.55,726.55,3.82M,-0.61%
27-Dec-19,736.95,729.75,737.5,728.85,3.40M,1.10%
30-Dec-19,732.9,736.1,737.95,727.25,5.37M,-0.55%
31-Dec-19,731.15,729.7,737.75,725.45,6.93M,-0.24%
01-Jan-20,736.85,735,740,732.55,2.11M,0.78%
02-Jan-20,734.7,738.9,740.8,730.9,5.66M,-0.29%
03-Jan-20,746,733.9,748,733.9,7.88M,1.54%
06-Jan-20,738.85,746.1,753.8,736.5,6.52M,-0.96%
07-Jan-20,727.9,738,742.6,725.1,7.90M,-1.48%
08-Jan-20,718.2,724.95,729,708.3,8.64M,-1.33%
09-Jan-20,727.55,721.7,731.5,714.3,13.52M,1.30%
10-Jan-20,738.15,740.45,742.9,730.5,9.34M,1.46%
13-Jan-20,773.55,760,777.5,755,36.95M,4.80%
14-Jan-20,775.65,769.95,776.95,767.2,11.41M,0.27%
15-Jan-20,767.55,773.85,773.85,762.15,6.05M,-1.04%
16-Jan-20,767,770.7,772.5,760.25,5.74M,-0.07%
17-Jan-20,767.85,770.7,772.9,762.25,3.76M,0.11%
20-Jan-20,768.45,771.6,774.4,762.95,3.89M,0.08%
21-Jan-20,762.5,768.45,770.5,760.75,4.45M,-0.77%
22-Jan-20,770.2,768.45,778,766,9.73M,1.01%
23-Jan-20,784.35,777.1,785.5,776.7,12.53M,1.84%
24-Jan-20,782.75,775.75,786.5,773.6,7.54M,-0.20%
27-Jan-20,778.1,779.05,784.8,774.4,3.74M,-0.59%
28-Jan-20,778,781,781.8,772,5.12M,-0.01%
29-Jan-20,789.7,786.6,792.8,784.25,6.83M,1.50%
30-Jan-20,780.7,789.7,789.7,778,3.86M,-1.14%
31-Jan-20,775.95,780.55,784.95,771.6,6.09M,-0.61%
01-Feb-20,779.5,776.2,790.6,769.9,5.10M,0.46%
03-Feb-20,767.4,782,790.95,764.5,6.42M,-1.55%
04-Feb-20,787.85,770.1,789.9,770.1,5.77M,2.66%
05-Feb-20,784.55,781,786,774.4,6.31M,-0.42%
06-Feb-20,771.35,784.35,786.8,770,7.34M,-1.68%
07-Feb-20,777.3,775.95,778.85,771,2.85M,0.77%
10-Feb-20,773.2,774,778,769.75,3.83M,-0.53%
11-Feb-20,773.55,779,779.1,769.2,4.31M,0.05%
12-Feb-20,781.05,775.8,783.25,775.1,2.95M,0.97%
13-Feb-20,792.25,785,794,782.2,4.39M,1.43%
14-Feb-20,786.45,794.5,799.2,784.6,5.32M,-0.73%
17-Feb-20,789.45,790.3,793.45,783.3,2.93M,0.38%
18-Feb-20,797.65,785,799.05,783.65,5.08M,1.04%
19-Feb-20,800.45,800,804.85,796.15,3.99M,0.35%
20-Feb-20,797,803.25,806.1,793.85,4.56M,-0.43%
24-Feb-20,795.85,800.1,811.6,792.15,6.63M,-0.14%
25-Feb-20,798.4,799,806,795.4,7.00M,0.32%
26-Feb-20,782.75,793.95,801.45,780.5,8.76M,-1.96%
27-Feb-20,777.85,778,780.75,772.2,5.22M,-0.63%
28-Feb-20,731.7,750,756.8,722.05,14.12M,-5.93%
02-Mar-20,741.05,737,765.9,733.75,9.82M,1.28%
03-Mar-20,747,755,759,741.25,7.83M,0.80%
04-Mar-20,758.75,753.9,761.5,745.55,11.01M,1.57%
05-Mar-20,754.6,763.75,773.55,751.75,7.76M,-0.55%
06-Mar-20,738.95,741,744,729.1,9.22M,-2.07%
09-Mar-20,704.45,724.5,725.85,697,10.31M,-4.67%
11-Mar-20,686,690.65,695.95,669.05,16.17M,-2.62%
12-Mar-20,631.2,668,670,627.5,13.97M,-7.99%
13-Mar-20,642.35,592,667,570,16.90M,1.77%
16-Mar-20,583.15,622,622.15,580,19.14M,-9.22%
17-Mar-20,554.95,588.1,592,550,16.06M,-4.84%
18-Mar-20,534.3,568,578,528,15.39M,-3.72%
19-Mar-20,545.55,509.25,558,509.25,16.58M,2.11%
20-Mar-20,585.2,549.5,617.45,548,21.36M,7.27%
23-Mar-20,526.45,540,560.95,515.9,17.15M,-10.04%
24-Mar-20,589.8,522,601.15,522,20.03M,12.03%
25-Mar-20,606.2,597,635,565.7,18.34M,2.78%
26-Mar-20,643,615,650.85,612.1,14.87M,6.07%
27-Mar-20,652.7,665.05,674.9,642.25,13.50M,1.51%
30-Mar-20,626.7,625.1,663.5,621.1,14.63M,-3.98%
31-Mar-20,641.5,650,662,633.7,15.18M,2.36%
01-Apr-20,602.8,634.35,637.5,594,13.08M,-6.03%
03-Apr-20,585.7,603.5,606,582.15,10.22M,-2.84%
07-Apr-20,639,615,644.25,612.9,15.15M,9.10%
08-Apr-20,631.6,630,655.65,626.35,11.81M,-1.16%
09-Apr-20,636.25,646.8,652.8,632.1,11.93M,0.74%
13-Apr-20,637.4,629,651.7,626.05,8.33M,0.18%
15-Apr-20,639.05,651.4,653.3,635.6,11.96M,0.26%
16-Apr-20,623.85,619.95,634.9,603.5,17.78M,-2.38%
17-Apr-20,628.75,644,646,626,8.88M,0.79%
20-Apr-20,653.3,640,661,639,13.32M,3.90%
21-Apr-20,633.2,627.8,646.5,627.8,11.66M,-3.08%
22-Apr-20,641.85,633.2,645,628.05,8.27M,1.37%
23-Apr-20,679.3,647.05,683.65,638.1,14.45M,5.83%
24-Apr-20,658,668.55,675,654.8,7.32M,-3.14%
27-Apr-20,664.6,661.05,681,661.05,7.18M,1.00%
28-Apr-20,660.7,673,677,653.05,7.30M,-0.59%
29-Apr-20,676.55,666,682,658,8.64M,2.40%
30-Apr-20,715.5,700,720,698.1,16.25M,5.76%
04-May-20,673.7,689.8,701.2,670.35,9.12M,-5.84%
05-May-20,673.7,681.75,685.6,670,6.39M,0.00%
06-May-20,665.9,676.9,681.45,664.05,7.93M,-1.16%
07-May-20,664.95,665.55,674.35,662.45,4.78M,-0.14%
08-May-20,674.2,672.25,680.9,668.5,8.40M,1.39%
11-May-20,682.9,682.5,698.55,678,7.37M,1.29%
12-May-20,687.65,678.5,691,675.5,7.36M,0.70%
13-May-20,694.15,694.8,699.9,683.75,8.29M,0.95%
14-May-20,658.15,659,671.75,652.6,16.89M,-5.19%
15-May-20,652.3,664.8,664.8,646.7,9.26M,-0.89%
18-May-20,663.9,659.85,670.55,653,10.44M,1.78%
19-May-20,668.6,664,674.8,655,5.90M,0.71%
20-May-20,669.55,668.5,673,659.65,5.80M,0.14%
21-May-20,672.2,666.5,679.45,665.4,7.21M,0.40%
22-May-20,692.35,675,695.85,673.5,11.87M,3.00%
26-May-20,680.55,693,699.45,679,7.10M,-1.70%
27-May-20,705.45,686.05,709.2,675,8.77M,3.66%
28-May-20,707.4,707,710,690,9.44M,0.28%
29-May-20,691,692.5,700.8,674.95,28.29M,-2.32%
01-Jun-20,699.55,698.75,706.65,691.5,12.28M,1.24%
02-Jun-20,708.1,700.5,711.65,697.55,7.06M,1.22%
03-Jun-20,701.55,710.7,711.9,696,11.38M,-0.93%
04-Jun-20,707.75,702,709.45,697.5,10.78M,0.88%
05-Jun-20,703.55,707,711.7,700.6,7.72M,-0.59%
08-Jun-20,720.85,707.65,725.8,704,10.72M,2.46%
09-Jun-20,717.6,720,729.6,715.05,10.08M,-0.45%
10-Jun-20,715.85,715,719.45,709.2,7.26M,-0.24%
11-Jun-20,703.95,712,713.4,700.25,8.83M,-1.66%
12-Jun-20,692.05,675.8,695.15,675.5,9.80M,-1.69%
15-Jun-20,687.55,693,704.4,685.25,7.86M,-0.65%
16-Jun-20,701.2,702,712,699.15,10.13M,1.99%
17-Jun-20,703.65,699.9,710.3,698,7.29M,0.35%
18-Jun-20,713.9,708.2,716.6,706,6.67M,1.46%
19-Jun-20,705.55,709,711.9,701,22.44M,-1.17%
22-Jun-20,703.7,707.1,708.7,700,7.80M,-0.26%
23-Jun-20,720.65,695.7,724.5,692.1,12.16M,2.41%
24-Jun-20,714.15,716.9,726.8,709.4,10.22M,-0.90%
25-Jun-20,700.5,704.85,705.6,693.5,14.95M,-1.91%
26-Jun-20,748.2,710.2,751.6,710,26.03M,6.81%
29-Jun-20,731.75,735.4,744.7,730.1,8.95M,-2.20%
30-Jun-20,735.95,732.8,738.95,724.25,10.41M,0.57%
01-Jul-20,731.9,737.25,742.3,729.75,5.48M,-0.55%
02-Jul-20,756.6,737.35,765.45,735.4,17.26M,3.37%
03-Jul-20,762.7,755,764,752.5,7.80M,0.81%
06-Jul-20,764,765.2,775,761.5,8.81M,0.17%
07-Jul-20,794.15,769.4,796.95,765.55,19.36M,3.95%
08-Jul-20,774.7,784.9,784.9,772.2,8.48M,-2.45%
09-Jul-20,781.7,780,790,775,6.85M,0.90%
10-Jul-20,781.85,773.5,789.9,773.5,5.21M,0.02%
13-Jul-20,797.05,788,805.35,786.05,10.80M,1.94%
14-Jul-20,783.25,792.95,806.4,781.35,8.96M,-1.73%
15-Jul-20,830.95,799,848.45,794.8,30.06M,6.09%
16-Jul-20,911,900.1,955.5,894.25,90.43M,9.63%
17-Jul-20,903.15,911,919.9,892.15,31.68M,-0.86%
20-Jul-20,934.3,908.5,945,906.75,18.42M,3.45%
21-Jul-20,936.75,945,949.7,929.2,12.88M,0.26%
22-Jul-20,917.9,938.95,939,910,14.35M,-2.01%
23-Jul-20,907.95,915.65,915.8,900.65,13.05M,-1.08%
24-Jul-20,922.85,903.25,925.75,903.25,18.21M,1.64%
27-Jul-20,948.45,921.55,952.8,918.65,16.83M,2.77%
28-Jul-20,962.85,946,967.55,941.2,15.82M,1.52%
29-Jul-20,954.15,953.25,960,943.6,11.15M,-0.90%
30-Jul-20,961.45,962,972.65,958.75,12.49M,0.77%
31-Jul-20,966,969.25,986.45,953.3,12.70M,0.47%
03-Aug-20,956.9,960,965.4,947.45,8.48M,-0.94%
04-Aug-20,949.85,960.45,970.7,940.55,11.13M,-0.74%
05-Aug-20,944.7,952,960.95,938.3,9.62M,-0.54%
06-Aug-20,970.85,953.5,974.4,942.5,10.98M,2.77%
07-Aug-20,950.9,969.45,969.45,949,8.01M,-2.05%
10-Aug-20,951.35,948.9,956.8,945.3,5.72M,0.05%
11-Aug-20,948.45,949.9,962,946.1,6.80M,-0.30%
12-Aug-20,954.95,948,958.8,942.2,6.91M,0.69%
13-Aug-20,951.2,954.8,968.5,948.25,5.10M,-0.39%
14-Aug-20,953.6,955.85,963,952.05,4.66M,0.25%
17-Aug-20,957.5,954.1,972.45,954.1,9.01M,0.41%
18-Aug-20,967.55,963.9,969.2,958.7,6.14M,1.05%
19-Aug-20,959.3,970.9,971.55,957.45,6.62M,-0.85%
20-Aug-20,955.15,958.9,965.5,951.3,5.66M,-0.43%
21-Aug-20,948.8,963.05,963.45,946.55,6.51M,-0.66%
24-Aug-20,947.4,947,952,939.2,5.80M,-0.15%
25-Aug-20,938.1,947.5,948.65,933.6,6.23M,-0.98%
26-Aug-20,950.8,941.25,954.25,938.4,5.15M,1.35%
27-Aug-20,947.05,960,960.95,945.2,6.15M,-0.39%
28-Aug-20,935.25,951.45,952.5,933.05,7.59M,-1.25%
31-Aug-20,928.6,935.25,950.5,914.6,12.81M,-0.71%
01-Sep-20,914.15,926.25,935,912.1,6.91M,-1.56%
02-Sep-20,924,915,926.4,913.5,5.68M,1.08%
03-Sep-20,935.55,926.5,949.4,924,8.83M,1.25%
04-Sep-20,919.15,915,929.5,914.45,8.65M,-1.75%
07-Sep-20,925.05,918.9,927.55,913.05,6.70M,0.64%
08-Sep-20,939.3,929.95,952,925.55,12.89M,1.54%
09-Sep-20,927.75,935,946,926,5.53M,-1.23%
10-Sep-20,940.05,935.3,942,924.8,5.17M,1.33%
11-Sep-20,945.7,934.9,954.15,931,6.67M,0.60%
14-Sep-20,978.4,957,991.05,948.3,21.87M,3.46%
15-Sep-20,982.45,979.5,994,971.65,11.61M,0.41%
16-Sep-20,1001.75,986,1005.65,982,10.06M,1.96%
17-Sep-20,1011,995,1021,995,15.63M,0.92%
18-Sep-20,1002.15,1011,1018.8,999.1,12.90M,-0.88%
21-Sep-20,1009.9,1001,1031,1000.5,14.14M,0.77%
22-Sep-20,1007.5,1009,1022.5,991.2,12.63M,-0.24%
23-Sep-20,1019.75,1020.15,1037,1008.1,13.49M,1.22%
24-Sep-20,975.4,1003,1009,970,14.43M,-4.35%
25-Sep-20,1011.45,975.8,1014.9,975,13.31M,3.70%
28-Sep-20,1010.4,1014.8,1016.15,998.5,8.55M,-0.10%
29-Sep-20,1009,1018,1028,1004.1,8.71M,-0.14%
30-Sep-20,1008.25,1009,1023.95,1005,8.05M,-0.07%
01-Oct-20,1017.65,1020.6,1026.5,1011.75,5.56M,0.93%
05-Oct-20,1048.7,1018.05,1054.9,1018.05,14.21M,3.05%
06-Oct-20,1055.75,1055,1060,1031.35,9.09M,0.67%
07-Oct-20,1066.55,1044.9,1072,1035.5,9.28M,1.02%
08-Oct-20,1093.7,1090,1124,1088.4,21.48M,2.55%
09-Oct-20,1106.8,1095.1,1113.3,1088.45,10.57M,1.20%
12-Oct-20,1132.1,1123,1140,1112.1,14.63M,2.29%
13-Oct-20,1157.8,1135.55,1166.05,1135.55,17.52M,2.27%
14-Oct-20,1137,1162,1164.9,1131.1,16.65M,-1.80%
15-Oct-20,1108.25,1180,1186,1092.5,44.29M,-2.53%
16-Oct-20,1127.5,1113.85,1135.95,1096.9,18.37M,1.74%
19-Oct-20,1125.9,1135,1139,1115.3,12.90M,-0.14%
20-Oct-20,1137.5,1118.9,1144.7,1110,10.45M,1.03%
21-Oct-20,1148.35,1141.15,1154.35,1135,19.81M,0.95%
22-Oct-20,1129.05,1142,1158,1123.8,11.27M,-1.68%
23-Oct-20,1122.5,1133,1135,1120.15,9.07M,-0.58%
26-Oct-20,1112.45,1122.25,1129.6,1103.15,6.31M,-0.90%
27-Oct-20,1090.85,1105.7,1109.7,1077.15,10.17M,-1.94%
28-Oct-20,1076.55,1095.5,1104.75,1070.05,7.61M,-1.31%
29-Oct-20,1074.85,1070,1082,1060.1,6.94M,-0.16%
30-Oct-20,1060.6,1072,1083.6,1052.35,8.80M,-1.33%
02-Nov-20,1072.3,1065,1079.95,1051.1,7.18M,1.10%
03-Nov-20,1062.55,1072,1079.4,1057.5,7.20M,-0.91%
04-Nov-20,1093.95,1068,1116,1066.8,15.70M,2.96%
05-Nov-20,1104,1109.9,1123,1099,9.57M,0.92%
06-Nov-20,1112.75,1108,1121.1,1091.7,8.81M,0.79%
09-Nov-20,1136.55,1129.3,1146,1121.15,10.16M,2.14%
10-Nov-20,1091.05,1113.85,1113.85,1078,15.62M,-4.00%
11-Nov-20,1122.5,1096,1126.35,1087,12.51M,2.88%
12-Nov-20,1117.75,1128.1,1142,1113.75,9.18M,-0.42%
13-Nov-20,1124.2,1120,1133,1117,6.36M,0.58%
17-Nov-20,1123.7,1144.75,1145,1112.65,12.81M,-0.04%
18-Nov-20,1110.55,1128.5,1132.7,1101.45,9.84M,-1.17%
19-Nov-20,1096.75,1100,1114.7,1093.8,10.09M,-1.24%
20-Nov-20,1103.35,1106,1109,1091.1,8.06M,0.60%
23-Nov-20,1139.85,1105,1144.8,1101.95,10.55M,3.31%
24-Nov-20,1140.05,1145,1154.9,1133.35,8.52M,0.02%
25-Nov-20,1115.65,1137,1143.5,1111.25,8.96M,-2.14%
26-Nov-20,1113.2,1119.95,1119.95,1098.3,10.96M,-0.22%
27-Nov-20,1100,1118,1121,1091,25.31M,-1.19%
01-Dec-20,1137.85,1105.05,1140.25,1105.05,8.93M,3.44%
02-Dec-20,1140.9,1134,1147.45,1121,6.74M,0.27%
03-Dec-20,1126.45,1147,1147,1122.7,16.21M,-1.27%
04-Dec-20,1134.65,1125,1137,1115,10.56M,0.73%
07-Dec-20,1143.5,1147.3,1153,1136,7.79M,0.78%
08-Dec-20,1153.35,1145,1167,1145,12.31M,0.86%
09-Dec-20,1175.2,1168.05,1179.5,1157,10.04M,1.89%
10-Dec-20,1167.75,1157.4,1171.65,1150,9.49M,-0.63%
11-Dec-20,1163.2,1159.7,1171.95,1155.25,10.57M,-0.39%
14-Dec-20,1164.55,1169.4,1172.6,1148.2,6.73M,0.12%
15-Dec-20,1154.6,1156,1163.7,1152,6.91M,-0.85%
16-Dec-20,1165.7,1160,1168.9,1153.6,7.79M,0.96%
17-Dec-20,1159.2,1165.9,1168.9,1156.2,6.66M,-0.56%
18-Dec-20,1189.8,1182.85,1195,1175.6,16.00M,2.64%
21-Dec-20,1177.3,1188,1209.75,1152.05,10.86M,-1.05%
22-Dec-20,1220.5,1182,1223.85,1176.1,10.90M,3.67%
23-Dec-20,1253.05,1238,1258.85,1230.55,15.88M,2.67%
24-Dec-20,1236.05,1249.9,1249.9,1226,7.31M,-1.36%
28-Dec-20,1240.3,1238.45,1248,1236,4.61M,0.34%
29-Dec-20,1250.3,1235,1254.45,1235,6.88M,0.81%
30-Dec-20,1246.8,1253,1253.3,1238.15,5.19M,-0.28%
31-Dec-20,1255.8,1243,1258.4,1239,7.43M,0.72%
01-Jan-21,1260.45,1257.9,1265.5,1255.8,4.25M,0.37%
04-Jan-21,1288.25,1269,1290,1261.15,7.21M,2.21%
05-Jan-21,1293.8,1282,1299,1275.05,8.15M,0.43%
06-Jan-21,1282.1,1300,1302,1268.05,7.16M,-0.90%
07-Jan-21,1262.15,1296,1297.65,1255.5,10.95M,-1.56%
08-Jan-21,1312.1,1278.25,1316.8,1278.25,13.19M,3.96%
11-Jan-21,1376.2,1342.1,1383.35,1340,20.53M,4.89%
12-Jan-21,1371.75,1378,1378,1360,8.31M,-0.32%
13-Jan-21,1387.15,1373.85,1392.8,1360,14.44M,1.12%
14-Jan-21,1370.5,1360,1384,1318.45,27.52M,-1.20%
15-Jan-21,1344.95,1360,1364.45,1340,15.02M,-1.86%
18-Jan-21,1312.05,1338,1340,1306,8.86M,-2.45%
19-Jan-21,1316.65,1320,1331,1312,5.59M,0.35%
20-Jan-21,1339.45,1320.55,1348.4,1320.55,8.23M,1.73%
21-Jan-21,1339.7,1350,1361.05,1335,6.14M,0.02%
22-Jan-21,1340.85,1327,1356,1326.55,9.65M,0.09%
25-Jan-21,1325.1,1345,1347.9,1313,6.54M,-1.17%
27-Jan-21,1301,1319.6,1327.55,1285.1,8.13M,-1.82%
28-Jan-21,1276.2,1291.8,1296.45,1272.55,4.66M,-1.91%
29-Jan-21,1239.05,1286.25,1291.15,1231,12.18M,-2.91%
01-Feb-21,1260.9,1250.55,1277.95,1241,8.88M,1.76%
02-Feb-21,1271.25,1280,1294.4,1263.6,6.89M,0.82%
03-Feb-21,1284.65,1277.65,1304,1273,8.18M,1.05%
04-Feb-21,1279.35,1285,1293.4,1272.05,5.03M,-0.41%
05-Feb-21,1272.1,1286.4,1288.75,1262,5.48M,-0.57%
08-Feb-21,1303.55,1285.5,1310,1275.5,6.92M,2.47%
09-Feb-21,1305.55,1306.9,1332,1297.85,7.97M,0.15%
10-Feb-21,1296.5,1295.8,1304.35,1283.6,5.95M,-0.69%
11-Feb-21,1292.65,1289,1296,1283.05,4.67M,-0.30%
12-Feb-21,1309.8,1305,1323.75,1301.55,5.80M,1.33%
15-Feb-21,1309.65,1320,1328.4,1307.1,4.36M,-0.01%
16-Feb-21,1290.4,1314,1319.75,1286,6.90M,-1.47%
17-Feb-21,1281.3,1290.4,1294.5,1275,4.58M,-0.71%
18-Feb-21,1292.45,1276,1306,1275,6.44M,0.87%
19-Feb-21,1291.3,1296.1,1299.5,1276.8,5.39M,-0.09%
22-Feb-21,1265.2,1295,1308.55,1260,7.37M,-2.02%
23-Feb-21,1266.35,1271.15,1291,1257.55,6.61M,0.09%
24-Feb-21,1274.3,1260.05,1276.6,1252,4.54M,0.63%
25-Feb-21,1274.55,1288.45,1299.75,1272,8.79M,0.02%
26-Feb-21,1253.3,1269,1274.3,1244.75,15.13M,-1.67%
01-Mar-21,1267,1263.3,1284.5,1259,5.76M,1.09%
02-Mar-21,1304.5,1282.25,1310,1279.2,10.46M,2.96%
03-Mar-21,1343.55,1319.2,1347,1308,9.06M,2.99%
04-Mar-21,1330.35,1335,1363.85,1325.9,12.04M,-0.98%
05-Mar-21,1316.7,1328.5,1340,1305.05,6.49M,-1.03%
08-Mar-21,1335.75,1324.8,1346.1,1317.2,5.12M,1.45%
09-Mar-21,1345.55,1329.5,1350.45,1318.75,6.52M,0.73%
10-Mar-21,1368.15,1356.9,1374,1355,7.93M,1.68%
12-Mar-21,1374.85,1373,1391.7,1370.05,9.46M,0.49%
15-Mar-21,1373.6,1370,1379.9,1358.5,6.66M,-0.09%
16-Mar-21,1384,1386.05,1406,1380.5,9.35M,0.76%
17-Mar-21,1387,1392.25,1400,1382,7.63M,0.22%
18-Mar-21,1337.1,1393.75,1393.75,1313.5,10.96M,-3.60%
19-Mar-21,1344.45,1330,1355.2,1318,12.77M,0.55%
22-Mar-21,1370.8,1350.1,1376,1336.1,4.86M,1.96%
23-Mar-21,1371.55,1372.45,1383.25,1359.6,7.17M,0.05%
24-Mar-21,1353.75,1357.85,1370.45,1346.25,6.13M,-1.30%
25-Mar-21,1333.8,1346.75,1352.5,1327.6,8.75M,-1.47%
26-Mar-21,1336.2,1344.7,1356.7,1332,4.92M,0.18%
30-Mar-21,1385.3,1346.9,1400,1336.15,10.55M,3.67%
31-Mar-21,1368.05,1382,1388,1363.3,8.22M,-1.25%
01-Apr-21,1385.2,1380,1391.6,1371,5.68M,1.25%
05-Apr-21,1409.9,1391,1425,1387,9.48M,1.78%
06-Apr-21,1411.05,1423,1426,1406.45,5.79M,0.08%
07-Apr-21,1430.2,1410.25,1434.95,1406.6,5.88M,1.36%
08-Apr-21,1439.85,1430,1451.7,1421,5.65M,0.67%
09-Apr-21,1441.05,1455,1455,1430.05,6.05M,0.08%
12-Apr-21,1425.75,1474,1477.55,1415,20.38M,-1.06%
13-Apr-21,1397.15,1433,1435.25,1375,14.86M,-2.01%
15-Apr-21,1360.75,1332.3,1366.4,1320,25.34M,-2.61%
16-Apr-21,1353.75,1365,1370.85,1346.6,10.88M,-0.51%
19-Apr-21,1362.55,1340,1379.7,1332.35,12.51M,0.65%
20-Apr-21,1351.35,1379,1379,1342.4,8.56M,-0.82%
22-Apr-21,1351.1,1355.55,1364.8,1345.15,6.62M,-0.02%
23-Apr-21,1333.8,1343,1348.4,1331,7.32M,-1.28%
26-Apr-21,1343.55,1332.25,1351.3,1321,7.09M,0.73%
27-Apr-21,1348.5,1346,1353,1340.15,3.64M,0.37%
28-Apr-21,1356,1358,1359.5,1344.6,4.88M,0.56%
29-Apr-21,1356.35,1368,1369,1351.4,5.41M,0.03%
30-Apr-21,1354.35,1346.3,1373.9,1345.9,8.35M,-0.15%
03-May-21,1352.05,1340.8,1361,1338,4.56M,-0.17%
04-May-21,1329.4,1354,1354.95,1324.1,4.89M,-1.68%
05-May-21,1341.5,1341.1,1343.9,1327.8,3.94M,0.91%
06-May-21,1361.6,1345,1364.7,1337.4,4.81M,1.50%
07-May-21,1352.55,1365.3,1373.05,1348.5,4.99M,-0.66%
10-May-21,1339.55,1349.85,1352.9,1335.05,7.20M,-0.96%
11-May-21,1330.65,1336.9,1341,1325.1,6.42M,-0.66%
12-May-21,1327,1330,1330,1314.5,5.24M,-0.27%
14-May-21,1316.4,1326.85,1326.85,1311.3,4.82M,-0.80%
17-May-21,1329.4,1320.3,1334.95,1320.3,5.02M,0.99%
18-May-21,1340,1338,1344.6,1329.5,5.62M,0.80%
19-May-21,1337,1342,1357.45,1333.25,4.44M,-0.22%
20-May-21,1339.3,1348.4,1349.1,1335,4.49M,0.17%
21-May-21,1354.5,1347.5,1357.5,1346.35,4.97M,1.13%
24-May-21,1348.05,1356.65,1363,1345.1,4.23M,-0.48%
25-May-21,1361.6,1358,1368,1354.45,4.10M,1.01%
26-May-21,1397.25,1367.9,1400,1362.05,6.85M,2.62%
27-May-21,1402.25,1404.2,1416.25,1391.7,15.37M,0.36%
28-May-21,1405.05,1409.75,1414,1396.1,4.26M,0.20%
31-May-21,1393.75,1401.5,1401.5,1383,4.43M,-0.80%
01-Jun-21,1387.2,1400,1401,1378.65,4.79M,-0.47%
02-Jun-21,1378.65,1380.75,1391.95,1365,9.27M,-0.62%
03-Jun-21,1389.65,1388.1,1399,1377.05,5.12M,0.80%
04-Jun-21,1385.65,1393.95,1396.9,1377.65,4.19M,-0.29%
07-Jun-21,1389.65,1391,1392,1377.3,5.15M,0.29%
08-Jun-21,1412.95,1396,1421.75,1395.55,7.36M,1.68%
09-Jun-21,1415.3,1413.4,1425,1404.6,5.39M,0.17%
10-Jun-21,1424.3,1424,1429,1419,3.50M,0.64%
11-Jun-21,1446.9,1430.1,1451.6,1429.45,6.14M,1.59%
14-Jun-21,1461.8,1471,1477,1453.45,7.13M,1.03%
15-Jun-21,1473.9,1464,1476,1463,5.40M,0.83%
16-Jun-21,1480.6,1472.7,1489.45,1467.5,7.66M,0.45%
17-Jun-21,1495.3,1475.1,1502.65,1475.1,7.68M,0.99%
18-Jun-21,1503.3,1509,1515.8,1487.4,13.53M,0.54%
21-Jun-21,1500.3,1493,1505.8,1484.2,5.45M,-0.20%
22-Jun-21,1511.85,1509.7,1521.45,1502.1,6.43M,0.77%
23-Jun-21,1503.15,1525,1525,1498.65,5.53M,-0.58%
24-Jun-21,1559.2,1517,1568.75,1511.2,10.79M,3.73%
25-Jun-21,1574.2,1572,1578,1543,9.78M,0.96%
28-Jun-21,1571.8,1572.9,1580.15,1560.6,5.02M,-0.15%
29-Jun-21,1563.05,1561,1573.65,1559.2,5.91M,-0.56%
30-Jun-21,1580.8,1572.05,1591,1572.05,6.06M,1.14%
01-Jul-21,1560.4,1576.85,1576.85,1559.05,4.81M,-1.29%
02-Jul-21,1567.8,1558.95,1569.45,1542.6,5.17M,0.47%
05-Jul-21,1578.95,1569.15,1585,1561.05,4.06M,0.71%
06-Jul-21,1562.2,1573.7,1586.75,1557.1,4.09M,-1.06%
07-Jul-21,1564.6,1566.05,1570.55,1544.65,4.80M,0.15%
08-Jul-21,1560.75,1568,1576,1549,3.33M,-0.25%
09-Jul-21,1562.9,1556,1569.9,1551,3.44M,0.14%
12-Jul-21,1547.85,1570.55,1578,1533.75,4.59M,-0.96%
13-Jul-21,1544.95,1556.4,1556.4,1536.3,4.46M,-0.19%
14-Jul-21,1576.9,1554,1582.8,1538.1,5.66M,2.07%
15-Jul-21,1580.8,1557.9,1596.85,1556,10.02M,0.25%
16-Jul-21,1555.45,1573.75,1574.65,1549.6,6.27M,-1.60%
19-Jul-21,1541.7,1544.7,1552.9,1537.55,5.67M,-0.88%
20-Jul-21,1550.05,1538.3,1557.7,1538,5.07M,0.54%
22-Jul-21,1590.2,1561.4,1592.85,1561.4,7.85M,2.59%
23-Jul-21,1590.45,1588.55,1598.5,1585.05,4.18M,0.02%
26-Jul-21,1603.9,1594.1,1611.65,1594.1,4.59M,0.85%
27-Jul-21,1602.55,1605,1609.3,1597.9,5.89M,-0.08%
28-Jul-21,1605.6,1605.1,1607.6,1585.5,4.69M,0.19%
29-Jul-21,1617,1600.1,1620,1600.1,4.66M,0.71%
30-Jul-21,1610.5,1610,1623.4,1606.15,6.23M,-0.40%
02-Aug-21,1631.55,1627.45,1634.75,1619.2,5.55M,1.31%
03-Aug-21,1655.2,1647,1658.65,1635.6,5.51M,1.45%
04-Aug-21,1649.25,1669.1,1679.9,1639.05,6.74M,-0.36%
05-Aug-21,1653.55,1649.5,1666,1647.05,5.42M,0.26%
06-Aug-21,1650.2,1657,1660.65,1644,3.75M,-0.20%
09-Aug-21,1663.3,1661,1667.45,1646.4,5.02M,0.79%
10-Aug-21,1677.25,1668,1680,1661.05,6.85M,0.84%
11-Aug-21,1677.55,1674.8,1684,1668,4.90M,0.02%
12-Aug-21,1689.6,1679.15,1696.5,1674,5.66M,0.72%
13-Aug-21,1712.2,1697,1722.5,1691.3,5.61M,1.34%
16-Aug-21,1704.4,1707.7,1719.95,1690.1,4.56M,-0.46%
17-Aug-21,1741.65,1703.9,1748.9,1686.55,9.51M,2.19%
18-Aug-21,1733.45,1729,1755.5,1727,6.69M,-0.47%
20-Aug-21,1732.95,1716.1,1745,1716.1,6.21M,-0.03%
23-Aug-21,1738.75,1735.75,1753.15,1732,6.19M,0.33%
24-Aug-21,1720.85,1750,1757,1712.7,7.60M,-1.03%
25-Aug-21,1735.55,1718,1746.9,1718,6.15M,0.85%
26-Aug-21,1727.7,1734,1746,1720,5.30M,-0.45%
27-Aug-21,1708.8,1725,1727.7,1705.2,6.70M,-1.09%
30-Aug-21,1698.05,1703.05,1718.65,1690.4,6.56M,-0.63%
31-Aug-21,1706.45,1700.15,1715,1685.85,12.26M,0.49%
01-Sep-21,1677.75,1709.5,1709.5,1673.15,7.80M,-1.68%
02-Sep-21,1689.1,1677.35,1694.3,1662.65,6.83M,0.68%
03-Sep-21,1700.65,1696.05,1705.95,1684.4,5.34M,0.68%
06-Sep-21,1730.4,1705.15,1732,1699.35,4.88M,1.75%
07-Sep-21,1706.65,1730,1734.9,1704,3.52M,-1.37%
08-Sep-21,1693.25,1700.85,1700.85,1682.95,4.58M,-0.79%
09-Sep-21,1691.6,1685.9,1694.9,1682.15,3.33M,-0.10%
13-Sep-21,1691.9,1683,1701.5,1675.2,4.66M,0.02%
14-Sep-21,1686.15,1695.95,1695.95,1678.6,4.95M,-0.34%
15-Sep-21,1711.45,1693.25,1715.1,1690.2,4.06M,1.50%
16-Sep-21,1702.25,1715.2,1719.25,1691.45,3.25M,-0.54%
17-Sep-21,1691.3,1697,1718,1684.45,7.45M,-0.64%
20-Sep-21,1687.85,1685,1707.7,1677.95,5.66M,-0.20%
21-Sep-21,1718.45,1700,1726.75,1684.65,4.67M,1.81%
22-Sep-21,1716.9,1717,1738.9,1713.05,4.55M,-0.09%
23-Sep-21,1742.55,1732,1745,1721.1,3.83M,1.49%
24-Sep-21,1763.85,1758,1788,1752.45,8.28M,1.22%
27-Sep-21,1721.15,1768.75,1769,1718.1,5.05M,-2.42%
28-Sep-21,1687.1,1710,1710,1675,6.56M,-1.98%
29-Sep-21,1692.25,1659.25,1701.4,1655,7.79M,0.31%
30-Sep-21,1675.2,1703,1703,1670.1,6.91M,-1.01%
01-Oct-21,1665.15,1665.1,1678.95,1661.25,5.73M,-0.60%
04-Oct-21,1678.75,1672.5,1688,1665.4,2.95M,0.82%
05-Oct-21,1692.8,1671,1702.95,1663,4.37M,0.84%
06-Oct-21,1673.55,1702.1,1709,1670,4.27M,-1.14%
07-Oct-21,1691,1687,1704.2,1676.65,5.48M,1.04%
08-Oct-21,1723.85,1705.25,1731.5,1698.4,4.74M,1.94%
11-Oct-21,1690.95,1682,1730,1663.7,8.84M,-1.91%
12-Oct-21,1685.15,1677,1689,1662,7.44M,-0.34%
13-Oct-21,1709.2,1695.95,1713.65,1680.05,7.10M,1.43%
14-Oct-21,1715.75,1754,1783.6,1698.2,19.66M,0.38%
18-Oct-21,1792.15,1740,1799,1740,13.44M,4.45%
19-Oct-21,1822.15,1814,1834.5,1782.3,10.32M,1.67%
20-Oct-21,1802.35,1829.4,1848,1794.05,5.88M,-1.09%
21-Oct-21,1753.65,1814,1814,1746.85,8.78M,-2.70%
22-Oct-21,1719.8,1749.9,1763.2,1707,7.37M,-1.93%
25-Oct-21,1707.55,1722.05,1729.75,1687.2,5.91M,-0.71%
26-Oct-21,1703.7,1710.05,1726.6,1695.9,5.87M,-0.23%
27-Oct-21,1728.95,1709.1,1734.15,1701.15,5.09M,1.48%
28-Oct-21,1703.9,1719.35,1724.75,1692.05,5.33M,-1.45%
29-Oct-21,1667.75,1699,1712.6,1661.05,5.88M,-2.12%
01-Nov-21,1700.05,1677.5,1707.2,1676,3.64M,1.94%
02-Nov-21,1697.9,1695,1706.45,1686.35,3.47M,-0.13%
03-Nov-21,1702.5,1709,1717.45,1699,3.53M,0.27%
04-Nov-21,1708.7,1715,1717,1705,483.41K,0.36%
08-Nov-21,1737.5,1730,1741,1703,5.25M,1.69%
09-Nov-21,1742.5,1734.75,1750,1726,4.02M,0.29%
10-Nov-21,1740.15,1726,1750.95,1721.95,4.78M,-0.13%
11-Nov-21,1733.3,1732.95,1739.75,1709,4.73M,-0.39%
12-Nov-21,1780.2,1743,1782.85,1738.05,5.07M,2.71%
15-Nov-21,1787.15,1782.1,1800,1775.5,4.35M,0.39%
16-Nov-21,1792.3,1790,1808.95,1777,6.03M,0.29%
17-Nov-21,1787.45,1792.55,1802,1780.7,4.73M,-0.27%
18-Nov-21,1779.4,1781.6,1789.45,1759,4.33M,-0.45%
22-Nov-21,1759.4,1784,1785.4,1751.15,6.62M,-1.12%
23-Nov-21,1736.9,1735.1,1747.25,1710,8.44M,-1.28%
24-Nov-21,1696,1740,1740.5,1688,7.33M,-2.35%
25-Nov-21,1722.4,1700,1726.2,1696.95,4.48M,1.56%
26-Nov-21,1691.65,1702.55,1718.35,1684,4.49M,-1.79%
29-Nov-21,1696.35,1691,1712,1669.15,3.94M,0.28%
30-Nov-21,1712.65,1704.55,1729.9,1700.05,14.81M,0.96%
01-Dec-21,1714.9,1715,1741.9,1713,5.19M,0.13%
02-Dec-21,1748.25,1715,1750.5,1711.35,5.56M,1.94%
03-Dec-21,1735.55,1771.1,1786.65,1732.55,6.75M,-0.73%
06-Dec-21,1695.3,1730,1733.95,1691.5,3.99M,-2.32%
07-Dec-21,1711.65,1701.1,1724.9,1694,4.20M,0.96%
08-Dec-21,1753.35,1733,1759.8,1732.6,3.03M,2.44%
09-Dec-21,1763.45,1759,1769.4,1742,2.08M,0.58%
10-Dec-21,1759.25,1760,1763.75,1746,1.82M,-0.24%
13-Dec-21,1744.65,1767.05,1771.35,1738.8,4.04M,-0.83%
14-Dec-21,1752.15,1730.9,1763,1710.35,4.77M,0.43%
15-Dec-21,1734.2,1745,1747.95,1721.2,3.05M,-1.02%
16-Dec-21,1771.6,1762.65,1777.6,1758,4.48M,2.16%
17-Dec-21,1820.85,1820,1842,1806.75,18.89M,2.78%
20-Dec-21,1798.9,1801.7,1829.65,1787.3,5.77M,-1.21%
21-Dec-21,1811.6,1801,1838,1801,5.35M,0.71%
22-Dec-21,1824.7,1825,1829.15,1812.35,4.16M,0.72%
23-Dec-21,1857.6,1831.25,1861.6,1827,4.11M,1.80%
24-Dec-21,1863.5,1872.95,1875.75,1854,3.78M,0.32%
27-Dec-21,1866.15,1860,1874.5,1845.05,2.65M,0.14%
28-Dec-21,1888,1880.7,1895.9,1878.4,3.34M,1.17%
29-Dec-21,1885.55,1883.5,1893.8,1876.4,3.24M,-0.13%
30-Dec-21,1892.85,1884.5,1909.8,1874.35,4.58M,0.39%
31-Dec-21,1887.75,1890,1898.35,1871.65,4.62M,-0.27%
03-Jan-22,1898.45,1887.75,1914.05,1887.75,3.33M,0.57%
04-Jan-22,1899.15,1898.45,1906.65,1878,3.92M,0.04%
05-Jan-22,1844.65,1900,1902.9,1840,7.00M,-2.87%
06-Jan-22,1817.8,1828,1828,1800,6.45M,-1.46%
07-Jan-22,1814.3,1815.45,1836,1806.8,4.83M,-0.19%
10-Jan-22,1850.75,1815,1869.9,1813,7.86M,2.01%
11-Jan-22,1855.6,1855,1870,1850.15,5.14M,0.26%
12-Jan-22,1877.45,1868.9,1889,1860,5.36M,1.18%
13-Jan-22,1896.8,1905,1912.5,1866.35,14.28M,1.03%
14-Jan-22,1929.35,1882,1933,1881,7.69M,1.72%
17-Jan-22,1939.5,1938.55,1953.9,1930.5,5.26M,0.53%
18-Jan-22,1920.75,1922.1,1945,1911.45,3.69M,-0.97%
19-Jan-22,1867.05,1916,1916,1862.85,5.75M,-2.80%
20-Jan-22,1823.7,1844,1848,1815.5,5.53M,-2.32%
21-Jan-22,1785.7,1795,1808,1776,8.25M,-2.08%
24-Jan-22,1736.8,1765,1768.65,1728,7.12M,-2.74%
25-Jan-22,1722.15,1726.6,1740,1700.5,9.14M,-0.84%
27-Jan-22,1678.6,1702,1709.7,1665,11.23M,-2.53%
28-Jan-22,1686.2,1681,1727.55,1679.5,11.00M,0.45%
31-Jan-22,1736.2,1718,1749.5,1715.35,8.79M,2.97%
01-Feb-22,1772.05,1766.1,1780,1734.7,5.12M,2.06%
02-Feb-22,1787.1,1789,1792.8,1772,4.25M,0.85%
03-Feb-22,1738.55,1779,1779,1734,3.83M,-2.72%
04-Feb-22,1741.1,1732,1753.95,1710.15,4.70M,0.15%
07-Feb-22,1715,1722.2,1732,1695.4,4.31M,-1.50%
08-Feb-22,1717.3,1710,1725,1696,6.05M,0.13%
09-Feb-22,1737.3,1735,1743,1725,3.87M,1.16%
10-Feb-22,1769.6,1755.65,1773.9,1748.75,4.33M,1.86%
11-Feb-22,1721.35,1740,1745.95,1713,7.55M,-2.73%
14-Feb-22,1682.2,1690,1718.55,1678.25,7.46M,-2.27%
15-Feb-22,1738.25,1699,1746.75,1690.45,4.67M,3.33%
16-Feb-22,1733.3,1738.25,1755.45,1726.85,5.35M,-0.28%
17-Feb-22,1724.8,1744,1749,1720.3,3.94M,-0.49%
18-Feb-22,1706.95,1710,1722.5,1703.5,5.60M,-1.03%
21-Feb-22,1730.7,1701,1737.3,1691.5,5.12M,1.39%
22-Feb-22,1734.35,1699.9,1751,1691.05,8.88M,0.21%
23-Feb-22,1742.85,1750,1758.25,1733.4,5.48M,0.49%
24-Feb-22,1678.15,1690.1,1714.95,1670.5,13.59M,-3.71%
25-Feb-22,1694.6,1715,1728.15,1677,9.74M,0.98%
28-Feb-22,1715.6,1682.2,1728.05,1665,15.08M,1.24%
02-Mar-22,1702.8,1710,1714.4,1691,6.77M,-0.75%
03-Mar-22,1720.85,1720.2,1733.9,1705.55,7.34M,1.06%
04-Mar-22,1723.3,1695.25,1736,1681,9.07M,0.14%
07-Mar-22,1739.85,1697,1751,1696,9.74M,0.96%
08-Mar-22,1778.2,1718.45,1800,1718.45,10.98M,2.20%
09-Mar-22,1813.35,1791,1831.6,1791,10.19M,1.98%
10-Mar-22,1825.9,1844.75,1844.75,1810.2,6.55M,0.69%
11-Mar-22,1822,1814,1831.4,1811,4.76M,-0.21%
14-Mar-22,1890.7,1831.55,1895,1831.55,10.29M,3.77%
15-Mar-22,1839.3,1888.35,1888.35,1830,7.14M,-2.72%
16-Mar-22,1889.4,1865,1893.95,1849,5.23M,2.72%
17-Mar-22,1854.6,1923.3,1923.3,1833.05,17.73M,-1.84%
21-Mar-22,1853.05,1861,1886.9,1841.1,8.36M,-0.08%
22-Mar-22,1887.4,1850,1890,1839,5.71M,1.85%
23-Mar-22,1872.4,1897,1900,1857,6.19M,-0.79%
24-Mar-22,1886.7,1856.15,1894.6,1856.15,3.78M,0.76%
25-Mar-22,1876.55,1892,1894,1858,3.44M,-0.54%
28-Mar-22,1873.9,1866,1880.9,1852.65,4.01M,-0.14%
29-Mar-22,1886,1873.9,1889.4,1860.55,3.92M,0.65%
30-Mar-22,1903.95,1910,1919,1895,7.80M,0.95%
31-Mar-22,1906.85,1900,1913,1894.2,5.40M,0.15%
01-Apr-22,1903.55,1886.85,1910.3,1878.3,6.17M,-0.17%
04-Apr-22,1882.95,1889.75,1893,1873,7.36M,-1.08%
05-Apr-22,1861.1,1883.8,1889.6,1857.15,5.47M,-1.16%
06-Apr-22,1828.85,1855,1857.5,1822.15,5.41M,-1.73%
07-Apr-22,1811,1821.05,1828.15,1807.55,5.80M,-0.98%
08-Apr-22,1814.6,1823,1838,1808,5.13M,0.20%
11-Apr-22,1766.55,1814,1814,1762.55,8.25M,-2.65%
12-Apr-22,1742.45,1757.5,1757.5,1727.75,6.46M,-1.36%
13-Apr-22,1748.55,1754.95,1757.5,1732,6.26M,0.35%
18-Apr-22,1621.4,1605.5,1650,1590,30.52M,-7.27%
19-Apr-22,1562,1636.65,1636.65,1550,17.04M,-3.66%
20-Apr-22,1587.7,1575,1596.3,1563,10.68M,1.65%
21-Apr-22,1618.8,1595,1627.2,1589.25,7.77M,1.96%
22-Apr-22,1585.45,1604.35,1610.7,1582.4,8.13M,-2.06%
25-Apr-22,1561.1,1572.8,1572.8,1554.1,7.00M,-1.54%
26-Apr-22,1581,1577.2,1592,1566.55,5.35M,1.27%
27-Apr-22,1552.8,1572.75,1572.75,1550.35,8.82M,-1.78%
28-Apr-22,1582.6,1570,1601.8,1557.45,9.25M,1.92%
29-Apr-22,1567.55,1590,1597.3,1560.8,9.83M,-0.95%
,,,,,,
,,,,,,
,,,,,,
,,,,,,
,,,,,,
,,,,,,
,,,,,,
,,,,,,
,,,,,,
,,,,,,
,,,,,,
,,,,,,
,,,,,,
,,,,,,
,,,,,,
,,,,,,
,,,,,,
,,,,,,
,,,,,,
,,,,,,
,,,,,,
,,,,,,
,,,,,,
,,,,,,
,,,,,,
,,,,,,
,,,,,,
,,,,,,
,,,,,,
,,,,,,
,,,,,,
,,,,,,
,,,,,,
,,,,,,
